/*
SQLyog Professional v12.09 (64 bit)
MySQL - 5.5.58 : Database - ziroom
*********************************************************************
*/

/*!40101 SET NAMES utf8 */;

/*!40101 SET SQL_MODE=''*/;

/*!40014 SET @OLD_UNIQUE_CHECKS=@@UNIQUE_CHECKS, UNIQUE_CHECKS=0 */;
/*!40014 SET @OLD_FOREIGN_KEY_CHECKS=@@FOREIGN_KEY_CHECKS, FOREIGN_KEY_CHECKS=0 */;
/*!40101 SET @OLD_SQL_MODE=@@SQL_MODE, SQL_MODE='NO_AUTO_VALUE_ON_ZERO' */;
/*!40111 SET @OLD_SQL_NOTES=@@SQL_NOTES, SQL_NOTES=0 */;
CREATE DATABASE /*!32312 IF NOT EXISTS*/`ziroom` /*!40100 DEFAULT CHARACTER SET utf8 */;

USE `ziroom`;

/*Table structure for table `areas` */

DROP TABLE IF EXISTS `areas`;

CREATE TABLE `areas` (
  `id` int(11) NOT NULL AUTO_INCREMENT,
  `areaMargin` varchar(32) DEFAULT NULL,
  PRIMARY KEY (`id`)
) ENGINE=InnoDB AUTO_INCREMENT=9 DEFAULT CHARSET=utf8;

/*Data for the table `areas` */

insert  into `areas`(`id`,`areaMargin`) values (1,'10㎡以下'),(2,'10-20㎡'),(3,'20-30㎡'),(4,'40㎡以下'),(5,'40-60㎡'),(6,'60-80㎡'),(7,'80-100㎡'),(8,'100-120㎡');

/*Table structure for table `attribute` */

DROP TABLE IF EXISTS `attribute`;

CREATE TABLE `attribute` (
  `attrId` int(11) NOT NULL AUTO_INCREMENT,
  `attrName` varchar(32) DEFAULT NULL,
  PRIMARY KEY (`attrId`)
) ENGINE=InnoDB AUTO_INCREMENT=11 DEFAULT CHARSET=utf8;

/*Data for the table `attribute` */

insert  into `attribute`(`attrId`,`attrName`) values (1,'找房方式'),(2,'类型'),(3,'租金'),(4,'特色户型'),(5,'优惠活动'),(6,'房源面积'),(7,'房源朝向'),(8,'供暖方式'),(9,'租期时长'),(10,'房源状态');

/*Table structure for table `attrvalue` */

DROP TABLE IF EXISTS `attrvalue`;

CREATE TABLE `attrvalue` (
  `id` int(11) NOT NULL AUTO_INCREMENT,
  `attrId` int(11) DEFAULT NULL,
  `valueName` varchar(32) DEFAULT NULL,
  `valueId` int(11) DEFAULT NULL,
  PRIMARY KEY (`id`)
) ENGINE=InnoDB AUTO_INCREMENT=64 DEFAULT CHARSET=utf8;

/*Data for the table `attrvalue` */

insert  into `attrvalue`(`id`,`attrId`,`valueName`,`valueId`) values (1,2,'合租',NULL),(2,2,'整租',NULL),(3,2,'自如寓',NULL),(4,2,'曼舍',NULL),(5,3,'1500以下',NULL),(6,3,'1500-2500元',NULL),(7,3,'2500-3500元',NULL),(8,3,'3500-4500元',NULL),(9,3,'4500-6000元',NULL),(10,3,'6000-8000元',NULL),(11,3,'8000-9000元',NULL),(12,3,'9000元以上',NULL),(13,4,'loft',NULL),(14,4,'近地铁',NULL),(15,4,'有电梯',NULL),(16,4,'主卧独卫',NULL),(17,4,'次卧DIY',NULL),(18,4,'公共盥洗室',NULL),(19,4,'独立阳台',NULL),(20,4,'双卫生间',NULL),(21,5,'超级秒杀日',NULL),(22,5,'必看好房',NULL),(23,6,'10㎡以下',NULL),(24,6,'10-20㎡',NULL),(25,6,'20㎡以上',NULL),(26,6,'40㎡以下',NULL),(27,6,'40-60㎡',NULL),(28,6,'60-80㎡',NULL),(29,6,'80-100㎡',NULL),(30,6,'100-120㎡',NULL),(31,7,'南',NULL),(32,7,'北',NULL),(33,7,'东',NULL),(34,7,'西',NULL),(35,8,'集体供暖',NULL),(36,8,'独立供暖',NULL),(37,8,'中央供暖',NULL),(38,10,'可立即入住',NULL),(39,10,'可预签',NULL),(40,10,'自如客转租',NULL),(41,10,'可预订',NULL),(42,10,'可闪定',NULL),(43,9,'长租一年',NULL),(44,9,'长租一年以上',NULL),(45,9,'可短签',NULL),(46,1,'区域',NULL),(47,1,'地铁',NULL),(48,NULL,'东城',46),(49,NULL,'西城',46),(50,NULL,'南城',46),(51,NULL,'北城',46),(52,NULL,'1号线',47),(53,NULL,'2号线',47),(54,NULL,'3号线',47),(55,NULL,'4号线',47),(56,NULL,'长租两年以下',44),(57,NULL,'长租两年',44),(58,NULL,'长租两年以上',44),(59,NULL,'<=1个月',45),(60,NULL,'1-2个月',45),(61,NULL,'2-4个月',45),(62,NULL,'4-7个月',45),(63,NULL,'7-12个月',45);

/*Table structure for table `consulthouse` */

DROP TABLE IF EXISTS `consulthouse`;

CREATE TABLE `consulthouse` (
  `id` int(11) NOT NULL AUTO_INCREMENT,
  `roomId` int(11) DEFAULT NULL COMMENT '房屋Id',
  `uid` int(11) DEFAULT NULL COMMENT '中介ID',
  `problem` varchar(255) DEFAULT NULL COMMENT '问题',
  `cPhone` varchar(32) DEFAULT NULL COMMENT '咨询电话',
  PRIMARY KEY (`id`)
) ENGINE=InnoDB AUTO_INCREMENT=3 DEFAULT CHARSET=utf8;

/*Data for the table `consulthouse` */

insert  into `consulthouse`(`id`,`roomId`,`uid`,`problem`,`cPhone`) values (1,1,1,'123','123131'),(2,2,2,'水电是否免费','112131231');

/*Table structure for table `consultsee` */

DROP TABLE IF EXISTS `consultsee`;

CREATE TABLE `consultsee` (
  `id` int(11) NOT NULL AUTO_INCREMENT,
  `roomId` int(11) DEFAULT NULL COMMENT '房屋Id',
  `uid` int(11) DEFAULT NULL COMMENT '中介ID',
  `seeTime` varchar(32) DEFAULT NULL COMMENT '约看时间',
  `seePhone` varchar(32) DEFAULT NULL COMMENT '约看手机号',
  PRIMARY KEY (`id`)
) ENGINE=InnoDB AUTO_INCREMENT=3 DEFAULT CHARSET=utf8;

/*Data for the table `consultsee` */

insert  into `consultsee`(`id`,`roomId`,`uid`,`seeTime`,`seePhone`) values (1,2,2,'2020-12-23','2132131'),(2,2,2,'2020-12-23','2132131');

/*Table structure for table `leaselength` */

DROP TABLE IF EXISTS `leaselength`;

CREATE TABLE `leaselength` (
  `id` int(11) NOT NULL AUTO_INCREMENT,
  `leaseTime` varchar(32) DEFAULT NULL,
  `status` int(11) DEFAULT NULL,
  PRIMARY KEY (`id`)
) ENGINE=InnoDB AUTO_INCREMENT=9 DEFAULT CHARSET=utf8;

/*Data for the table `leaselength` */

insert  into `leaselength`(`id`,`leaseTime`,`status`) values (1,'<=1个月',1),(2,'1-2个月',1),(3,'2-4个月',1),(4,'4-7个月',1),(5,'7-12个月',1),(6,'长租两年以下',2),(7,'长租两年',2),(8,'长租两年以上',2);

/*Table structure for table `roompicture` */

DROP TABLE IF EXISTS `roompicture`;

CREATE TABLE `roompicture` (
  `id` int(11) NOT NULL AUTO_INCREMENT COMMENT '主键ID',
  `roomId` int(11) DEFAULT NULL COMMENT '房间ID',
  `pictureURL` varchar(255) DEFAULT NULL COMMENT '房间|房屋图片地址',
  PRIMARY KEY (`id`)
) ENGINE=InnoDB AUTO_INCREMENT=360 DEFAULT CHARSET=utf8;

/*Data for the table `roompicture` */

insert  into `roompicture`(`id`,`roomId`,`pictureURL`) values (1,2,'https://imgpro.ziroom.com/bc97ba9b-9629-465c-9258-3c656f6e5623_875.jpg_C_380_285_Q80.jpg_C_380_285_Q80.webp'),(2,2,'https://imgpro.ziroom.com/bc97ba9b-9629-465c-9258-3c656f6e5623_875.jpg_C_800_600_Q90.jpg_C_800_600_Q90.webp'),(3,2,'https://imgpro.ziroom.com/ee426066-b86f-42d0-874b-61e7a881d136_633.jpg_C_800_600_Q90.jpg_C_800_600_Q90.webp'),(4,2,'https://imgpro.ziroom.com/142a37faeea230e03fe0af72231b6845_670.jpg_C_800_600_Q90.jpg_C_800_600_Q90.webp'),(5,2,'https://imgpro.ziroom.com/142a37faeea230e03fe0af72231b6845_670.jpg_C_800_600_Q90.jpg_C_800_600_Q90.webp'),(6,2,'https://imgpro.ziroom.com/e74b8887b8af64d9433ea8711d4725b4_641.jpg_C_800_600_Q90.jpg_C_800_600_Q90.webp'),(7,2,'https://imgpro.ziroom.com/09b73d8de8bba0ebe28ef083847a6373_300.jpg_C_800_600_Q90.jpg_C_800_600_Q90.webp'),(8,2,'https://imgpro.ziroom.com/142a37faeea230e03fe0af72231b6845_670.jpg_C_800_600_Q90.jpg_C_800_600_Q90.webp'),(9,2,'https://imgpro.ziroom.com/e74b8887b8af64d9433ea8711d4725b4_641.jpg_C_800_600_Q90.jpg_C_800_600_Q90.webp'),(10,2,'https://imgpro.ziroom.com/f3c143538c0c4ab5e88efd093b3dda78_343.jpg_C_800_600_Q90.jpg_C_800_600_Q90.webp'),(11,2,'https://imgpro.ziroom.com/c71e2477b789273faa225f0cdfb4ff80_365.jpg_C_800_600_Q90.jpg_C_800_600_Q90.webp'),(12,3,'https://imgpro.ziroom.com/9a62e84f-f908-45ef-8acb-6d37ca35663a_822.jpg_C_380_285_Q80.jpg_C_380_285_Q80.webp'),(13,3,'https://imgpro.ziroom.com/9a62e84f-f908-45ef-8acb-6d37ca35663a_822.jpg_C_800_600_Q90.jpg_C_800_600_Q90.webp'),(14,3,'https://imgpro.ziroom.com/66be6753-23ac-4cf3-9408-5507a57820d3_603.jpg_C_800_600_Q90.jpg_C_800_600_Q90.webp'),(15,3,'https://imgpro.ziroom.com/ecae71b50cbeb344573115f6fbfcceec_276.jpg_C_800_600_Q90.jpg_C_800_600_Q90.webp'),(16,3,'https://imgpro.ziroom.com/086e9992a74bcdc2c1c9bbbf82c45f28_698.jpg_C_800_600_Q90.jpg_C_800_600_Q90.webp'),(17,3,'https://imgpro.ziroom.com/b35f661cd11cc6e69f6fc9013861ea49_018.jpg_C_800_600_Q90.jpg_C_800_600_Q90.webp'),(18,3,'https://imgpro.ziroom.com/87dbf34681eec1d8f60d66d8b57465ac_580.jpg_C_800_600_Q90.jpg_C_800_600_Q90.webp'),(19,4,'https://imgpro.ziroom.com/1bd32b8b-f6a9-44ed-9a45-17d496265c08_996.jpg_C_800_600_Q90.jpg_C_800_600_Q90.webp'),(20,4,'https://imgpro.ziroom.com/e8d47ed2-bb0c-4f3f-a7e2-e0012fc0b494_595.jpg_C_800_600_Q90.jpg_C_800_600_Q90.webp'),(21,4,'https://imgpro.ziroom.com/e872dc3dfbe50cc132859f65420afb24_504.jpg_C_800_600_Q90.jpg_C_800_600_Q90.webp'),(22,4,'https://imgpro.ziroom.com/9ab3d068c49ff8b26b5a9dfe53124a64_627.jpg_C_800_600_Q90.jpg_C_800_600_Q90.webp'),(23,4,'https://imgpro.ziroom.com/d4cdf4496027c932ab47d626bcfd82ab_733.jpg_C_800_600_Q90.jpg_C_800_600_Q90.webp'),(24,4,'https://imgpro.ziroom.com/289bea671d65cc8718af28ca684671f8_731.jpg_C_800_600_Q90.jpg_C_800_600_Q90.webp'),(25,4,'https://imgpro.ziroom.com/5fca9d1e749798b15505ffa6d575d1bd_033.jpg_C_800_600_Q90.jpg_C_800_600_Q90.webp'),(26,5,'https://imgpro.ziroom.com/3418a568-4208-4bbf-8834-c5251ba5b6ba_537.jpg_C_380_285_Q80.jpg_C_380_285_Q80.webp'),(27,5,'https://imgpro.ziroom.com/3418a568-4208-4bbf-8834-c5251ba5b6ba_537.jpg_C_800_600_Q90.jpg_C_800_600_Q90.webp'),(28,5,'https://imgpro.ziroom.com/63ad4db9-23bb-4cdf-bd46-c72bb6341c12_220.jpg_C_800_600_Q90.jpg_C_800_600_Q90.webp'),(29,5,'https://imgpro.ziroom.com/a0d5ab361066cad78040db3c810222c6_878.jpg_C_800_600_Q90.jpg_C_800_600_Q90.webp'),(30,5,'https://imgpro.ziroom.com/6cb3daabe7bbf8d2afce26878b5cdfee_494.jpg_C_800_600_Q90.jpg_C_800_600_Q90.webp'),(31,5,'https://imgpro.ziroom.com/3234638973296291c3d6f3fe898e782e_417.jpg_C_800_600_Q90.jpg_C_800_600_Q90.webp'),(32,5,'https://imgpro.ziroom.com/e4bad9ab736b396099ac4d443390b9c2_192.jpg_C_800_600_Q90.jpg_C_800_600_Q90.webp'),(33,5,'https://imgpro.ziroom.com/a88173f442414ee0a6d60537b0e7f8f2_305.jpg_C_800_600_Q90.jpg_C_800_600_Q90.webp'),(34,6,'https://imgpro.ziroom.com/bc97ba9b-9629-465c-9258-3c656f6e5623_875.jpg_C_380_285_Q80.jpg_C_380_285_Q80.webp'),(35,6,'https://imgpro.ziroom.com/bc97ba9b-9629-465c-9258-3c656f6e5623_875.jpg_C_800_600_Q90.jpg_C_800_600_Q90.webp'),(36,6,'https://imgpro.ziroom.com/ee426066-b86f-42d0-874b-61e7a881d136_633.jpg_C_800_600_Q90.jpg_C_800_600_Q90.webp'),(37,6,'https://imgpro.ziroom.com/09b73d8de8bba0ebe28ef083847a6373_300.jpg_C_800_600_Q90.jpg_C_800_600_Q90.webp'),(38,6,'https://imgpro.ziroom.com/142a37faeea230e03fe0af72231b6845_670.jpg_C_800_600_Q90.jpg_C_800_600_Q90.webp'),(39,6,'https://imgpro.ziroom.com/e74b8887b8af64d9433ea8711d4725b4_641.jpg_C_800_600_Q90.jpg_C_800_600_Q90.webp'),(40,6,'https://imgpro.ziroom.com/09b73d8de8bba0ebe28ef083847a6373_300.jpg_C_800_600_Q90.jpg_C_800_600_Q90.webp'),(41,6,'https://imgpro.ziroom.com/142a37faeea230e03fe0af72231b6845_670.jpg_C_800_600_Q90.jpg_C_800_600_Q90.webp'),(42,6,'https://imgpro.ziroom.com/e74b8887b8af64d9433ea8711d4725b4_641.jpg_C_800_600_Q90.jpg_C_800_600_Q90.webp'),(43,6,'https://imgpro.ziroom.com/f3c143538c0c4ab5e88efd093b3dda78_343.jpg_C_800_600_Q90.jpg_C_800_600_Q90.webp'),(44,6,'https://imgpro.ziroom.com/c71e2477b789273faa225f0cdfb4ff80_365.jpg_C_800_600_Q90.jpg_C_800_600_Q90.webp'),(45,7,'https://imgpro.ziroom.com/120cbee9-b5a5-478d-856e-aa0f109300c1_960.jpg_C_380_285_Q80.jpg_C_380_285_Q80.webp'),(46,7,'https://imgpro.ziroom.com/120cbee9-b5a5-478d-856e-aa0f109300c1_960.jpg_C_800_600_Q90.jpg_C_800_600_Q90.webp'),(47,7,'https://imgpro.ziroom.com/6613bbd1-0307-41f9-b110-c545d2c642d4_542.jpg_C_800_600_Q90.jpg_C_800_600_Q90.webp'),(48,7,'https://imgpro.ziroom.com/39c3e81cdef5b945c2f7820bb028dcd4_105.jpg_C_800_600_Q90.jpg_C_800_600_Q90.webp'),(49,7,'https://imgpro.ziroom.com/88ec8dc5aac685b3b52ca415555246b7_652.jpg_C_800_600_Q90.jpg_C_800_600_Q90.webp'),(50,7,'https://imgpro.ziroom.com/2565d5c913f4398c7df0606618997a1a_956.jpg_C_800_600_Q90.jpg_C_800_600_Q90.webp'),(51,7,'https://imgpro.ziroom.com/7d3e2b1d688edfd2ff0d48e32920f8a0_524.jpg_C_800_600_Q90.jpg_C_800_600_Q90.webp'),(52,7,'https://imgpro.ziroom.com/a0fb6353d5945eefa64166fadd42c8fa_560.jpg_C_800_600_Q90.jpg_C_800_600_Q90.webp'),(53,7,'https://imgpro.ziroom.com/95e6d03cc92b46ae2f1764f0faa43bb4_918.jpg_C_800_600_Q90.jpg_C_800_600_Q90.webp'),(54,1,'https://imgpro.ziroom.com/4c62db72-1da1-47f8-8d30-765ee63b884c_129.jpg_C_380_285_Q80.jpg_C_380_285_Q80.webp'),(55,1,'https://imgpro.ziroom.com/4c62db72-1da1-47f8-8d30-765ee63b884c_129.jpg_C_800_600_Q90.jpg_C_800_600_Q90.webp'),(56,1,'https://imgpro.ziroom.com/785d0ca7-50ad-49f1-99b0-5a2e6dade830_133.jpg_C_800_600_Q90.jpg_C_800_600_Q90.webp'),(57,1,'https://imgpro.ziroom.com/370fb36a-d375-4a60-8c6f-441df9aa9447_303.jpg_C_800_600_Q90.jpg_C_800_600_Q90.webp'),(58,1,'https://imgpro.ziroom.com/b3c455ac-9064-474a-b07f-8863da594303_597.jpg_C_800_600_Q90.jpg_C_800_600_Q90.webp'),(59,1,'https://imgpro.ziroom.com/9c27a00a-c5d7-479c-9a25-02726c206f13_396.jpg_C_800_600_Q90.jpg_C_800_600_Q90.webp'),(60,1,'https://imgpro.ziroom.com/e0ccc576-e08c-4e61-9938-37fc4b93eb4b_970.jpg_C_800_600_Q90.jpg_C_800_600_Q90.webp'),(61,1,'https://imgpro.ziroom.com/57f0b2de-04f0-43b1-bf7b-f0b72fe293df_559.jpg_C_800_600_Q90.jpg_C_800_600_Q90.webp'),(62,1,'https://imgpro.ziroom.com/bdf8a0c6-fcdf-4e5b-bf66-d9ae3baebd49_766.jpg_C_800_600_Q90.jpg_C_800_600_Q90.webp'),(63,8,'https://imgpro.ziroom.com/4c62db72-1da1-47f8-8d30-765ee63b884c_129.jpg_C_380_285_Q80.jpg_C_380_285_Q80.webp'),(64,8,'https://imgpro.ziroom.com/4c62db72-1da1-47f8-8d30-765ee63b884c_129.jpg_C_800_600_Q90.jpg_C_800_600_Q90.webp'),(65,8,'https://imgpro.ziroom.com/785d0ca7-50ad-49f1-99b0-5a2e6dade830_133.jpg_C_800_600_Q90.jpg_C_800_600_Q90.webp'),(66,8,'https://imgpro.ziroom.com/370fb36a-d375-4a60-8c6f-441df9aa9447_303.jpg_C_800_600_Q90.jpg_C_800_600_Q90.webp'),(67,8,'https://imgpro.ziroom.com/b3c455ac-9064-474a-b07f-8863da594303_597.jpg_C_800_600_Q90.jpg_C_800_600_Q90.webp'),(68,8,'https://imgpro.ziroom.com/9c27a00a-c5d7-479c-9a25-02726c206f13_396.jpg_C_800_600_Q90.jpg_C_800_600_Q90.webp'),(69,8,'https://imgpro.ziroom.com/e0ccc576-e08c-4e61-9938-37fc4b93eb4b_970.jpg_C_800_600_Q90.jpg_C_800_600_Q90.webp'),(70,8,'https://imgpro.ziroom.com/57f0b2de-04f0-43b1-bf7b-f0b72fe293df_559.jpg_C_800_600_Q90.jpg_C_800_600_Q90.webp'),(71,8,'https://imgpro.ziroom.com/bdf8a0c6-fcdf-4e5b-bf66-d9ae3baebd49_766.jpg_C_800_600_Q90.jpg_C_800_600_Q90.webp'),(72,9,'https://imgpro.ziroom.com/bc97ba9b-9629-465c-9258-3c656f6e5623_875.jpg_C_380_285_Q80.jpg_C_380_285_Q80.webp'),(73,9,'https://imgpro.ziroom.com/bc97ba9b-9629-465c-9258-3c656f6e5623_875.jpg_C_800_600_Q90.jpg_C_800_600_Q90.webp'),(74,9,'https://imgpro.ziroom.com/ee426066-b86f-42d0-874b-61e7a881d136_633.jpg_C_800_600_Q90.jpg_C_800_600_Q90.webp'),(75,9,'https://imgpro.ziroom.com/142a37faeea230e03fe0af72231b6845_670.jpg_C_800_600_Q90.jpg_C_800_600_Q90.webp'),(76,9,'https://imgpro.ziroom.com/142a37faeea230e03fe0af72231b6845_670.jpg_C_800_600_Q90.jpg_C_800_600_Q90.webp'),(77,9,'https://imgpro.ziroom.com/e74b8887b8af64d9433ea8711d4725b4_641.jpg_C_800_600_Q90.jpg_C_800_600_Q90.webp'),(78,9,'https://imgpro.ziroom.com/09b73d8de8bba0ebe28ef083847a6373_300.jpg_C_800_600_Q90.jpg_C_800_600_Q90.webp'),(79,9,'https://imgpro.ziroom.com/142a37faeea230e03fe0af72231b6845_670.jpg_C_800_600_Q90.jpg_C_800_600_Q90.webp'),(80,9,'https://imgpro.ziroom.com/e74b8887b8af64d9433ea8711d4725b4_641.jpg_C_800_600_Q90.jpg_C_800_600_Q90.webp'),(81,9,'https://imgpro.ziroom.com/f3c143538c0c4ab5e88efd093b3dda78_343.jpg_C_800_600_Q90.jpg_C_800_600_Q90.webp'),(82,9,'https://imgpro.ziroom.com/c71e2477b789273faa225f0cdfb4ff80_365.jpg_C_800_600_Q90.jpg_C_800_600_Q90.webp'),(83,10,'https://imgpro.ziroom.com/9a62e84f-f908-45ef-8acb-6d37ca35663a_822.jpg_C_380_285_Q80.jpg_C_380_285_Q80.webp'),(84,10,'https://imgpro.ziroom.com/9a62e84f-f908-45ef-8acb-6d37ca35663a_822.jpg_C_800_600_Q90.jpg_C_800_600_Q90.webp'),(85,10,'https://imgpro.ziroom.com/66be6753-23ac-4cf3-9408-5507a57820d3_603.jpg_C_800_600_Q90.jpg_C_800_600_Q90.webp'),(86,10,'https://imgpro.ziroom.com/ecae71b50cbeb344573115f6fbfcceec_276.jpg_C_800_600_Q90.jpg_C_800_600_Q90.webp'),(87,10,'https://imgpro.ziroom.com/086e9992a74bcdc2c1c9bbbf82c45f28_698.jpg_C_800_600_Q90.jpg_C_800_600_Q90.webp'),(88,10,'https://imgpro.ziroom.com/b35f661cd11cc6e69f6fc9013861ea49_018.jpg_C_800_600_Q90.jpg_C_800_600_Q90.webp'),(89,10,'https://imgpro.ziroom.com/87dbf34681eec1d8f60d66d8b57465ac_580.jpg_C_800_600_Q90.jpg_C_800_600_Q90.webp'),(90,11,'https://imgpro.ziroom.com/1bd32b8b-f6a9-44ed-9a45-17d496265c08_996.jpg_C_800_600_Q90.jpg_C_800_600_Q90.webp'),(91,11,'https://imgpro.ziroom.com/e8d47ed2-bb0c-4f3f-a7e2-e0012fc0b494_595.jpg_C_800_600_Q90.jpg_C_800_600_Q90.webp'),(92,11,'https://imgpro.ziroom.com/e872dc3dfbe50cc132859f65420afb24_504.jpg_C_800_600_Q90.jpg_C_800_600_Q90.webp'),(93,11,'https://imgpro.ziroom.com/9ab3d068c49ff8b26b5a9dfe53124a64_627.jpg_C_800_600_Q90.jpg_C_800_600_Q90.webp'),(94,11,'https://imgpro.ziroom.com/d4cdf4496027c932ab47d626bcfd82ab_733.jpg_C_800_600_Q90.jpg_C_800_600_Q90.webp'),(95,11,'https://imgpro.ziroom.com/289bea671d65cc8718af28ca684671f8_731.jpg_C_800_600_Q90.jpg_C_800_600_Q90.webp'),(96,11,'https://imgpro.ziroom.com/5fca9d1e749798b15505ffa6d575d1bd_033.jpg_C_800_600_Q90.jpg_C_800_600_Q90.webp'),(97,12,'https://imgpro.ziroom.com/3418a568-4208-4bbf-8834-c5251ba5b6ba_537.jpg_C_380_285_Q80.jpg_C_380_285_Q80.webp'),(98,12,'https://imgpro.ziroom.com/3418a568-4208-4bbf-8834-c5251ba5b6ba_537.jpg_C_800_600_Q90.jpg_C_800_600_Q90.webp'),(99,12,'https://imgpro.ziroom.com/63ad4db9-23bb-4cdf-bd46-c72bb6341c12_220.jpg_C_800_600_Q90.jpg_C_800_600_Q90.webp'),(100,12,'https://imgpro.ziroom.com/a0d5ab361066cad78040db3c810222c6_878.jpg_C_800_600_Q90.jpg_C_800_600_Q90.webp'),(101,12,'https://imgpro.ziroom.com/6cb3daabe7bbf8d2afce26878b5cdfee_494.jpg_C_800_600_Q90.jpg_C_800_600_Q90.webp'),(102,12,'https://imgpro.ziroom.com/3234638973296291c3d6f3fe898e782e_417.jpg_C_800_600_Q90.jpg_C_800_600_Q90.webp'),(103,12,'https://imgpro.ziroom.com/e4bad9ab736b396099ac4d443390b9c2_192.jpg_C_800_600_Q90.jpg_C_800_600_Q90.webp'),(104,12,'https://imgpro.ziroom.com/a88173f442414ee0a6d60537b0e7f8f2_305.jpg_C_800_600_Q90.jpg_C_800_600_Q90.webp'),(105,13,'https://imgpro.ziroom.com/bc97ba9b-9629-465c-9258-3c656f6e5623_875.jpg_C_380_285_Q80.jpg_C_380_285_Q80.webp'),(106,13,'https://imgpro.ziroom.com/bc97ba9b-9629-465c-9258-3c656f6e5623_875.jpg_C_800_600_Q90.jpg_C_800_600_Q90.webp'),(107,13,'https://imgpro.ziroom.com/ee426066-b86f-42d0-874b-61e7a881d136_633.jpg_C_800_600_Q90.jpg_C_800_600_Q90.webp'),(108,13,'https://imgpro.ziroom.com/09b73d8de8bba0ebe28ef083847a6373_300.jpg_C_800_600_Q90.jpg_C_800_600_Q90.webp'),(109,13,'https://imgpro.ziroom.com/142a37faeea230e03fe0af72231b6845_670.jpg_C_800_600_Q90.jpg_C_800_600_Q90.webp'),(110,13,'https://imgpro.ziroom.com/e74b8887b8af64d9433ea8711d4725b4_641.jpg_C_800_600_Q90.jpg_C_800_600_Q90.webp'),(111,13,'https://imgpro.ziroom.com/09b73d8de8bba0ebe28ef083847a6373_300.jpg_C_800_600_Q90.jpg_C_800_600_Q90.webp'),(112,13,'https://imgpro.ziroom.com/142a37faeea230e03fe0af72231b6845_670.jpg_C_800_600_Q90.jpg_C_800_600_Q90.webp'),(113,13,'https://imgpro.ziroom.com/e74b8887b8af64d9433ea8711d4725b4_641.jpg_C_800_600_Q90.jpg_C_800_600_Q90.webp'),(114,13,'https://imgpro.ziroom.com/f3c143538c0c4ab5e88efd093b3dda78_343.jpg_C_800_600_Q90.jpg_C_800_600_Q90.webp'),(115,13,'https://imgpro.ziroom.com/c71e2477b789273faa225f0cdfb4ff80_365.jpg_C_800_600_Q90.jpg_C_800_600_Q90.webp'),(116,14,'https://imgpro.ziroom.com/120cbee9-b5a5-478d-856e-aa0f109300c1_960.jpg_C_380_285_Q80.jpg_C_380_285_Q80.webp'),(117,14,'https://imgpro.ziroom.com/120cbee9-b5a5-478d-856e-aa0f109300c1_960.jpg_C_800_600_Q90.jpg_C_800_600_Q90.webp'),(118,14,'https://imgpro.ziroom.com/6613bbd1-0307-41f9-b110-c545d2c642d4_542.jpg_C_800_600_Q90.jpg_C_800_600_Q90.webp'),(119,14,'https://imgpro.ziroom.com/39c3e81cdef5b945c2f7820bb028dcd4_105.jpg_C_800_600_Q90.jpg_C_800_600_Q90.webp'),(120,14,'https://imgpro.ziroom.com/88ec8dc5aac685b3b52ca415555246b7_652.jpg_C_800_600_Q90.jpg_C_800_600_Q90.webp'),(121,14,'https://imgpro.ziroom.com/2565d5c913f4398c7df0606618997a1a_956.jpg_C_800_600_Q90.jpg_C_800_600_Q90.webp'),(122,14,'https://imgpro.ziroom.com/7d3e2b1d688edfd2ff0d48e32920f8a0_524.jpg_C_800_600_Q90.jpg_C_800_600_Q90.webp'),(123,14,'https://imgpro.ziroom.com/a0fb6353d5945eefa64166fadd42c8fa_560.jpg_C_800_600_Q90.jpg_C_800_600_Q90.webp'),(124,14,'https://imgpro.ziroom.com/95e6d03cc92b46ae2f1764f0faa43bb4_918.jpg_C_800_600_Q90.jpg_C_800_600_Q90.webp'),(125,15,'https://imgpro.ziroom.com/4c62db72-1da1-47f8-8d30-765ee63b884c_129.jpg_C_380_285_Q80.jpg_C_380_285_Q80.webp'),(126,15,'https://imgpro.ziroom.com/4c62db72-1da1-47f8-8d30-765ee63b884c_129.jpg_C_800_600_Q90.jpg_C_800_600_Q90.webp'),(127,15,'https://imgpro.ziroom.com/785d0ca7-50ad-49f1-99b0-5a2e6dade830_133.jpg_C_800_600_Q90.jpg_C_800_600_Q90.webp'),(128,15,'https://imgpro.ziroom.com/370fb36a-d375-4a60-8c6f-441df9aa9447_303.jpg_C_800_600_Q90.jpg_C_800_600_Q90.webp'),(129,15,'https://imgpro.ziroom.com/b3c455ac-9064-474a-b07f-8863da594303_597.jpg_C_800_600_Q90.jpg_C_800_600_Q90.webp'),(130,15,'https://imgpro.ziroom.com/9c27a00a-c5d7-479c-9a25-02726c206f13_396.jpg_C_800_600_Q90.jpg_C_800_600_Q90.webp'),(131,15,'https://imgpro.ziroom.com/e0ccc576-e08c-4e61-9938-37fc4b93eb4b_970.jpg_C_800_600_Q90.jpg_C_800_600_Q90.webp'),(132,15,'https://imgpro.ziroom.com/57f0b2de-04f0-43b1-bf7b-f0b72fe293df_559.jpg_C_800_600_Q90.jpg_C_800_600_Q90.webp'),(133,15,'https://imgpro.ziroom.com/bdf8a0c6-fcdf-4e5b-bf66-d9ae3baebd49_766.jpg_C_800_600_Q90.jpg_C_800_600_Q90.webp'),(134,16,'https://imgpro.ziroom.com/bc97ba9b-9629-465c-9258-3c656f6e5623_875.jpg_C_380_285_Q80.jpg_C_380_285_Q80.webp'),(135,16,'https://imgpro.ziroom.com/bc97ba9b-9629-465c-9258-3c656f6e5623_875.jpg_C_800_600_Q90.jpg_C_800_600_Q90.webp'),(136,16,'https://imgpro.ziroom.com/ee426066-b86f-42d0-874b-61e7a881d136_633.jpg_C_800_600_Q90.jpg_C_800_600_Q90.webp'),(137,16,'https://imgpro.ziroom.com/142a37faeea230e03fe0af72231b6845_670.jpg_C_800_600_Q90.jpg_C_800_600_Q90.webp'),(138,16,'https://imgpro.ziroom.com/142a37faeea230e03fe0af72231b6845_670.jpg_C_800_600_Q90.jpg_C_800_600_Q90.webp'),(139,16,'https://imgpro.ziroom.com/e74b8887b8af64d9433ea8711d4725b4_641.jpg_C_800_600_Q90.jpg_C_800_600_Q90.webp'),(140,16,'https://imgpro.ziroom.com/09b73d8de8bba0ebe28ef083847a6373_300.jpg_C_800_600_Q90.jpg_C_800_600_Q90.webp'),(141,16,'https://imgpro.ziroom.com/142a37faeea230e03fe0af72231b6845_670.jpg_C_800_600_Q90.jpg_C_800_600_Q90.webp'),(142,16,'https://imgpro.ziroom.com/e74b8887b8af64d9433ea8711d4725b4_641.jpg_C_800_600_Q90.jpg_C_800_600_Q90.webp'),(143,16,'https://imgpro.ziroom.com/f3c143538c0c4ab5e88efd093b3dda78_343.jpg_C_800_600_Q90.jpg_C_800_600_Q90.webp'),(144,16,'https://imgpro.ziroom.com/c71e2477b789273faa225f0cdfb4ff80_365.jpg_C_800_600_Q90.jpg_C_800_600_Q90.webp'),(145,17,'https://imgpro.ziroom.com/9a62e84f-f908-45ef-8acb-6d37ca35663a_822.jpg_C_380_285_Q80.jpg_C_380_285_Q80.webp'),(146,17,'https://imgpro.ziroom.com/9a62e84f-f908-45ef-8acb-6d37ca35663a_822.jpg_C_800_600_Q90.jpg_C_800_600_Q90.webp'),(147,17,'https://imgpro.ziroom.com/66be6753-23ac-4cf3-9408-5507a57820d3_603.jpg_C_800_600_Q90.jpg_C_800_600_Q90.webp'),(148,17,'https://imgpro.ziroom.com/ecae71b50cbeb344573115f6fbfcceec_276.jpg_C_800_600_Q90.jpg_C_800_600_Q90.webp'),(149,17,'https://imgpro.ziroom.com/086e9992a74bcdc2c1c9bbbf82c45f28_698.jpg_C_800_600_Q90.jpg_C_800_600_Q90.webp'),(150,17,'https://imgpro.ziroom.com/b35f661cd11cc6e69f6fc9013861ea49_018.jpg_C_800_600_Q90.jpg_C_800_600_Q90.webp'),(151,17,'https://imgpro.ziroom.com/87dbf34681eec1d8f60d66d8b57465ac_580.jpg_C_800_600_Q90.jpg_C_800_600_Q90.webp'),(152,18,'https://imgpro.ziroom.com/1bd32b8b-f6a9-44ed-9a45-17d496265c08_996.jpg_C_800_600_Q90.jpg_C_800_600_Q90.webp'),(153,18,'https://imgpro.ziroom.com/e8d47ed2-bb0c-4f3f-a7e2-e0012fc0b494_595.jpg_C_800_600_Q90.jpg_C_800_600_Q90.webp'),(154,18,'https://imgpro.ziroom.com/e872dc3dfbe50cc132859f65420afb24_504.jpg_C_800_600_Q90.jpg_C_800_600_Q90.webp'),(155,18,'https://imgpro.ziroom.com/9ab3d068c49ff8b26b5a9dfe53124a64_627.jpg_C_800_600_Q90.jpg_C_800_600_Q90.webp'),(156,18,'https://imgpro.ziroom.com/d4cdf4496027c932ab47d626bcfd82ab_733.jpg_C_800_600_Q90.jpg_C_800_600_Q90.webp'),(157,18,'https://imgpro.ziroom.com/289bea671d65cc8718af28ca684671f8_731.jpg_C_800_600_Q90.jpg_C_800_600_Q90.webp'),(158,18,'https://imgpro.ziroom.com/5fca9d1e749798b15505ffa6d575d1bd_033.jpg_C_800_600_Q90.jpg_C_800_600_Q90.webp'),(159,19,'https://imgpro.ziroom.com/3418a568-4208-4bbf-8834-c5251ba5b6ba_537.jpg_C_380_285_Q80.jpg_C_380_285_Q80.webp'),(160,19,'https://imgpro.ziroom.com/3418a568-4208-4bbf-8834-c5251ba5b6ba_537.jpg_C_800_600_Q90.jpg_C_800_600_Q90.webp'),(161,19,'https://imgpro.ziroom.com/63ad4db9-23bb-4cdf-bd46-c72bb6341c12_220.jpg_C_800_600_Q90.jpg_C_800_600_Q90.webp'),(162,19,'https://imgpro.ziroom.com/a0d5ab361066cad78040db3c810222c6_878.jpg_C_800_600_Q90.jpg_C_800_600_Q90.webp'),(163,19,'https://imgpro.ziroom.com/6cb3daabe7bbf8d2afce26878b5cdfee_494.jpg_C_800_600_Q90.jpg_C_800_600_Q90.webp'),(164,19,'https://imgpro.ziroom.com/3234638973296291c3d6f3fe898e782e_417.jpg_C_800_600_Q90.jpg_C_800_600_Q90.webp'),(165,19,'https://imgpro.ziroom.com/e4bad9ab736b396099ac4d443390b9c2_192.jpg_C_800_600_Q90.jpg_C_800_600_Q90.webp'),(166,19,'https://imgpro.ziroom.com/a88173f442414ee0a6d60537b0e7f8f2_305.jpg_C_800_600_Q90.jpg_C_800_600_Q90.webp'),(167,20,'https://imgpro.ziroom.com/bc97ba9b-9629-465c-9258-3c656f6e5623_875.jpg_C_380_285_Q80.jpg_C_380_285_Q80.webp'),(168,20,'https://imgpro.ziroom.com/bc97ba9b-9629-465c-9258-3c656f6e5623_875.jpg_C_800_600_Q90.jpg_C_800_600_Q90.webp'),(169,20,'https://imgpro.ziroom.com/ee426066-b86f-42d0-874b-61e7a881d136_633.jpg_C_800_600_Q90.jpg_C_800_600_Q90.webp'),(170,20,'https://imgpro.ziroom.com/09b73d8de8bba0ebe28ef083847a6373_300.jpg_C_800_600_Q90.jpg_C_800_600_Q90.webp'),(171,20,'https://imgpro.ziroom.com/142a37faeea230e03fe0af72231b6845_670.jpg_C_800_600_Q90.jpg_C_800_600_Q90.webp'),(172,20,'https://imgpro.ziroom.com/e74b8887b8af64d9433ea8711d4725b4_641.jpg_C_800_600_Q90.jpg_C_800_600_Q90.webp'),(173,20,'https://imgpro.ziroom.com/09b73d8de8bba0ebe28ef083847a6373_300.jpg_C_800_600_Q90.jpg_C_800_600_Q90.webp'),(174,20,'https://imgpro.ziroom.com/e74b8887b8af64d9433ea8711d4725b4_641.jpg_C_800_600_Q90.jpg_C_800_600_Q90.webp'),(175,20,'https://imgpro.ziroom.com/f3c143538c0c4ab5e88efd093b3dda78_343.jpg_C_800_600_Q90.jpg_C_800_600_Q90.webp'),(176,20,'https://imgpro.ziroom.com/c71e2477b789273faa225f0cdfb4ff80_365.jpg_C_800_600_Q90.jpg_C_800_600_Q90.webp'),(177,21,'https://imgpro.ziroom.com/120cbee9-b5a5-478d-856e-aa0f109300c1_960.jpg_C_380_285_Q80.jpg_C_380_285_Q80.webp'),(178,21,'https://imgpro.ziroom.com/120cbee9-b5a5-478d-856e-aa0f109300c1_960.jpg_C_800_600_Q90.jpg_C_800_600_Q90.webp'),(179,21,'https://imgpro.ziroom.com/6613bbd1-0307-41f9-b110-c545d2c642d4_542.jpg_C_800_600_Q90.jpg_C_800_600_Q90.webp'),(180,21,'https://imgpro.ziroom.com/39c3e81cdef5b945c2f7820bb028dcd4_105.jpg_C_800_600_Q90.jpg_C_800_600_Q90.webp'),(181,21,'https://imgpro.ziroom.com/88ec8dc5aac685b3b52ca415555246b7_652.jpg_C_800_600_Q90.jpg_C_800_600_Q90.webp'),(182,21,'https://imgpro.ziroom.com/2565d5c913f4398c7df0606618997a1a_956.jpg_C_800_600_Q90.jpg_C_800_600_Q90.webp'),(183,21,'https://imgpro.ziroom.com/7d3e2b1d688edfd2ff0d48e32920f8a0_524.jpg_C_800_600_Q90.jpg_C_800_600_Q90.webp'),(184,21,'https://imgpro.ziroom.com/a0fb6353d5945eefa64166fadd42c8fa_560.jpg_C_800_600_Q90.jpg_C_800_600_Q90.webp'),(185,21,'https://imgpro.ziroom.com/95e6d03cc92b46ae2f1764f0faa43bb4_918.jpg_C_800_600_Q90.jpg_C_800_600_Q90.webp'),(186,22,'https://imgpro.ziroom.com/4c62db72-1da1-47f8-8d30-765ee63b884c_129.jpg_C_380_285_Q80.jpg_C_380_285_Q80.webp'),(187,22,'https://imgpro.ziroom.com/4c62db72-1da1-47f8-8d30-765ee63b884c_129.jpg_C_800_600_Q90.jpg_C_800_600_Q90.webp'),(188,22,'https://imgpro.ziroom.com/785d0ca7-50ad-49f1-99b0-5a2e6dade830_133.jpg_C_800_600_Q90.jpg_C_800_600_Q90.webp'),(189,22,'https://imgpro.ziroom.com/370fb36a-d375-4a60-8c6f-441df9aa9447_303.jpg_C_800_600_Q90.jpg_C_800_600_Q90.webp'),(190,22,'https://imgpro.ziroom.com/b3c455ac-9064-474a-b07f-8863da594303_597.jpg_C_800_600_Q90.jpg_C_800_600_Q90.webp'),(191,22,'https://imgpro.ziroom.com/9c27a00a-c5d7-479c-9a25-02726c206f13_396.jpg_C_800_600_Q90.jpg_C_800_600_Q90.webp'),(192,22,'https://imgpro.ziroom.com/e0ccc576-e08c-4e61-9938-37fc4b93eb4b_970.jpg_C_800_600_Q90.jpg_C_800_600_Q90.webp'),(193,22,'https://imgpro.ziroom.com/57f0b2de-04f0-43b1-bf7b-f0b72fe293df_559.jpg_C_800_600_Q90.jpg_C_800_600_Q90.webp'),(194,22,'https://imgpro.ziroom.com/bdf8a0c6-fcdf-4e5b-bf66-d9ae3baebd49_766.jpg_C_800_600_Q90.jpg_C_800_600_Q90.webp'),(195,23,'https://imgpro.ziroom.com/bc97ba9b-9629-465c-9258-3c656f6e5623_875.jpg_C_380_285_Q80.jpg_C_380_285_Q80.webp'),(196,23,'https://imgpro.ziroom.com/bc97ba9b-9629-465c-9258-3c656f6e5623_875.jpg_C_800_600_Q90.jpg_C_800_600_Q90.webp'),(197,23,'https://imgpro.ziroom.com/ee426066-b86f-42d0-874b-61e7a881d136_633.jpg_C_800_600_Q90.jpg_C_800_600_Q90.webp'),(198,23,'https://imgpro.ziroom.com/142a37faeea230e03fe0af72231b6845_670.jpg_C_800_600_Q90.jpg_C_800_600_Q90.webp'),(199,23,'https://imgpro.ziroom.com/142a37faeea230e03fe0af72231b6845_670.jpg_C_800_600_Q90.jpg_C_800_600_Q90.webp'),(200,23,'https://imgpro.ziroom.com/e74b8887b8af64d9433ea8711d4725b4_641.jpg_C_800_600_Q90.jpg_C_800_600_Q90.webp'),(201,23,'https://imgpro.ziroom.com/09b73d8de8bba0ebe28ef083847a6373_300.jpg_C_800_600_Q90.jpg_C_800_600_Q90.webp'),(202,23,'https://imgpro.ziroom.com/142a37faeea230e03fe0af72231b6845_670.jpg_C_800_600_Q90.jpg_C_800_600_Q90.webp'),(203,23,'https://imgpro.ziroom.com/e74b8887b8af64d9433ea8711d4725b4_641.jpg_C_800_600_Q90.jpg_C_800_600_Q90.webp'),(204,23,'https://imgpro.ziroom.com/f3c143538c0c4ab5e88efd093b3dda78_343.jpg_C_800_600_Q90.jpg_C_800_600_Q90.webp'),(205,23,'https://imgpro.ziroom.com/c71e2477b789273faa225f0cdfb4ff80_365.jpg_C_800_600_Q90.jpg_C_800_600_Q90.webp'),(206,24,'https://imgpro.ziroom.com/9a62e84f-f908-45ef-8acb-6d37ca35663a_822.jpg_C_380_285_Q80.jpg_C_380_285_Q80.webp'),(207,24,'https://imgpro.ziroom.com/9a62e84f-f908-45ef-8acb-6d37ca35663a_822.jpg_C_800_600_Q90.jpg_C_800_600_Q90.webp'),(208,24,'https://imgpro.ziroom.com/66be6753-23ac-4cf3-9408-5507a57820d3_603.jpg_C_800_600_Q90.jpg_C_800_600_Q90.webp'),(209,24,'https://imgpro.ziroom.com/ecae71b50cbeb344573115f6fbfcceec_276.jpg_C_800_600_Q90.jpg_C_800_600_Q90.webp'),(210,24,'https://imgpro.ziroom.com/086e9992a74bcdc2c1c9bbbf82c45f28_698.jpg_C_800_600_Q90.jpg_C_800_600_Q90.webp'),(211,24,'https://imgpro.ziroom.com/b35f661cd11cc6e69f6fc9013861ea49_018.jpg_C_800_600_Q90.jpg_C_800_600_Q90.webp'),(212,24,'https://imgpro.ziroom.com/87dbf34681eec1d8f60d66d8b57465ac_580.jpg_C_800_600_Q90.jpg_C_800_600_Q90.webp'),(213,25,'https://imgpro.ziroom.com/1bd32b8b-f6a9-44ed-9a45-17d496265c08_996.jpg_C_800_600_Q90.jpg_C_800_600_Q90.webp'),(214,25,'https://imgpro.ziroom.com/e8d47ed2-bb0c-4f3f-a7e2-e0012fc0b494_595.jpg_C_800_600_Q90.jpg_C_800_600_Q90.webp'),(215,25,'https://imgpro.ziroom.com/e872dc3dfbe50cc132859f65420afb24_504.jpg_C_800_600_Q90.jpg_C_800_600_Q90.webp'),(216,25,'https://imgpro.ziroom.com/9ab3d068c49ff8b26b5a9dfe53124a64_627.jpg_C_800_600_Q90.jpg_C_800_600_Q90.webp'),(217,25,'https://imgpro.ziroom.com/d4cdf4496027c932ab47d626bcfd82ab_733.jpg_C_800_600_Q90.jpg_C_800_600_Q90.webp'),(218,25,'https://imgpro.ziroom.com/289bea671d65cc8718af28ca684671f8_731.jpg_C_800_600_Q90.jpg_C_800_600_Q90.webp'),(219,25,'https://imgpro.ziroom.com/5fca9d1e749798b15505ffa6d575d1bd_033.jpg_C_800_600_Q90.jpg_C_800_600_Q90.webp'),(220,26,'https://imgpro.ziroom.com/3418a568-4208-4bbf-8834-c5251ba5b6ba_537.jpg_C_380_285_Q80.jpg_C_380_285_Q80.webp'),(221,26,'https://imgpro.ziroom.com/3418a568-4208-4bbf-8834-c5251ba5b6ba_537.jpg_C_800_600_Q90.jpg_C_800_600_Q90.webp'),(222,26,'https://imgpro.ziroom.com/63ad4db9-23bb-4cdf-bd46-c72bb6341c12_220.jpg_C_800_600_Q90.jpg_C_800_600_Q90.webp'),(223,26,'https://imgpro.ziroom.com/a0d5ab361066cad78040db3c810222c6_878.jpg_C_800_600_Q90.jpg_C_800_600_Q90.webp'),(224,26,'https://imgpro.ziroom.com/6cb3daabe7bbf8d2afce26878b5cdfee_494.jpg_C_800_600_Q90.jpg_C_800_600_Q90.webp'),(225,26,'https://imgpro.ziroom.com/3234638973296291c3d6f3fe898e782e_417.jpg_C_800_600_Q90.jpg_C_800_600_Q90.webp'),(226,26,'https://imgpro.ziroom.com/e4bad9ab736b396099ac4d443390b9c2_192.jpg_C_800_600_Q90.jpg_C_800_600_Q90.webp'),(227,26,'https://imgpro.ziroom.com/a88173f442414ee0a6d60537b0e7f8f2_305.jpg_C_800_600_Q90.jpg_C_800_600_Q90.webp'),(228,27,'https://imgpro.ziroom.com/bc97ba9b-9629-465c-9258-3c656f6e5623_875.jpg_C_380_285_Q80.jpg_C_380_285_Q80.webp'),(229,27,'https://imgpro.ziroom.com/bc97ba9b-9629-465c-9258-3c656f6e5623_875.jpg_C_800_600_Q90.jpg_C_800_600_Q90.webp'),(230,27,'https://imgpro.ziroom.com/ee426066-b86f-42d0-874b-61e7a881d136_633.jpg_C_800_600_Q90.jpg_C_800_600_Q90.webp'),(231,27,'https://imgpro.ziroom.com/09b73d8de8bba0ebe28ef083847a6373_300.jpg_C_800_600_Q90.jpg_C_800_600_Q90.webp'),(232,27,'https://imgpro.ziroom.com/142a37faeea230e03fe0af72231b6845_670.jpg_C_800_600_Q90.jpg_C_800_600_Q90.webp'),(233,27,'https://imgpro.ziroom.com/e74b8887b8af64d9433ea8711d4725b4_641.jpg_C_800_600_Q90.jpg_C_800_600_Q90.webp'),(234,27,'https://imgpro.ziroom.com/09b73d8de8bba0ebe28ef083847a6373_300.jpg_C_800_600_Q90.jpg_C_800_600_Q90.webp'),(235,27,'https://imgpro.ziroom.com/e74b8887b8af64d9433ea8711d4725b4_641.jpg_C_800_600_Q90.jpg_C_800_600_Q90.webp'),(236,27,'https://imgpro.ziroom.com/f3c143538c0c4ab5e88efd093b3dda78_343.jpg_C_800_600_Q90.jpg_C_800_600_Q90.webp'),(237,27,'https://imgpro.ziroom.com/c71e2477b789273faa225f0cdfb4ff80_365.jpg_C_800_600_Q90.jpg_C_800_600_Q90.webp'),(238,28,'https://imgpro.ziroom.com/120cbee9-b5a5-478d-856e-aa0f109300c1_960.jpg_C_380_285_Q80.jpg_C_380_285_Q80.webp'),(239,28,'https://imgpro.ziroom.com/120cbee9-b5a5-478d-856e-aa0f109300c1_960.jpg_C_800_600_Q90.jpg_C_800_600_Q90.webp'),(240,28,'https://imgpro.ziroom.com/6613bbd1-0307-41f9-b110-c545d2c642d4_542.jpg_C_800_600_Q90.jpg_C_800_600_Q90.webp'),(241,28,'https://imgpro.ziroom.com/39c3e81cdef5b945c2f7820bb028dcd4_105.jpg_C_800_600_Q90.jpg_C_800_600_Q90.webp'),(242,28,'https://imgpro.ziroom.com/88ec8dc5aac685b3b52ca415555246b7_652.jpg_C_800_600_Q90.jpg_C_800_600_Q90.webp'),(243,28,'https://imgpro.ziroom.com/2565d5c913f4398c7df0606618997a1a_956.jpg_C_800_600_Q90.jpg_C_800_600_Q90.webp'),(244,28,'https://imgpro.ziroom.com/7d3e2b1d688edfd2ff0d48e32920f8a0_524.jpg_C_800_600_Q90.jpg_C_800_600_Q90.webp'),(245,28,'https://imgpro.ziroom.com/a0fb6353d5945eefa64166fadd42c8fa_560.jpg_C_800_600_Q90.jpg_C_800_600_Q90.webp'),(246,28,'https://imgpro.ziroom.com/95e6d03cc92b46ae2f1764f0faa43bb4_918.jpg_C_800_600_Q90.jpg_C_800_600_Q90.webp'),(247,29,'https://imgpro.ziroom.com/4c62db72-1da1-47f8-8d30-765ee63b884c_129.jpg_C_380_285_Q80.jpg_C_380_285_Q80.webp'),(248,29,'https://imgpro.ziroom.com/4c62db72-1da1-47f8-8d30-765ee63b884c_129.jpg_C_800_600_Q90.jpg_C_800_600_Q90.webp'),(249,29,'https://imgpro.ziroom.com/785d0ca7-50ad-49f1-99b0-5a2e6dade830_133.jpg_C_800_600_Q90.jpg_C_800_600_Q90.webp'),(250,29,'https://imgpro.ziroom.com/370fb36a-d375-4a60-8c6f-441df9aa9447_303.jpg_C_800_600_Q90.jpg_C_800_600_Q90.webp'),(251,29,'https://imgpro.ziroom.com/b3c455ac-9064-474a-b07f-8863da594303_597.jpg_C_800_600_Q90.jpg_C_800_600_Q90.webp'),(252,29,'https://imgpro.ziroom.com/9c27a00a-c5d7-479c-9a25-02726c206f13_396.jpg_C_800_600_Q90.jpg_C_800_600_Q90.webp'),(253,29,'https://imgpro.ziroom.com/e0ccc576-e08c-4e61-9938-37fc4b93eb4b_970.jpg_C_800_600_Q90.jpg_C_800_600_Q90.webp'),(254,29,'https://imgpro.ziroom.com/57f0b2de-04f0-43b1-bf7b-f0b72fe293df_559.jpg_C_800_600_Q90.jpg_C_800_600_Q90.webp'),(255,29,'https://imgpro.ziroom.com/bdf8a0c6-fcdf-4e5b-bf66-d9ae3baebd49_766.jpg_C_800_600_Q90.jpg_C_800_600_Q90.webp'),(256,30,'https://imgpro.ziroom.com/bc97ba9b-9629-465c-9258-3c656f6e5623_875.jpg_C_380_285_Q80.jpg_C_380_285_Q80.webp'),(257,30,'https://imgpro.ziroom.com/bc97ba9b-9629-465c-9258-3c656f6e5623_875.jpg_C_800_600_Q90.jpg_C_800_600_Q90.webp'),(258,30,'https://imgpro.ziroom.com/ee426066-b86f-42d0-874b-61e7a881d136_633.jpg_C_800_600_Q90.jpg_C_800_600_Q90.webp'),(259,30,'https://imgpro.ziroom.com/142a37faeea230e03fe0af72231b6845_670.jpg_C_800_600_Q90.jpg_C_800_600_Q90.webp'),(260,30,'https://imgpro.ziroom.com/142a37faeea230e03fe0af72231b6845_670.jpg_C_800_600_Q90.jpg_C_800_600_Q90.webp'),(261,30,'https://imgpro.ziroom.com/e74b8887b8af64d9433ea8711d4725b4_641.jpg_C_800_600_Q90.jpg_C_800_600_Q90.webp'),(262,30,'https://imgpro.ziroom.com/09b73d8de8bba0ebe28ef083847a6373_300.jpg_C_800_600_Q90.jpg_C_800_600_Q90.webp'),(263,30,'https://imgpro.ziroom.com/142a37faeea230e03fe0af72231b6845_670.jpg_C_800_600_Q90.jpg_C_800_600_Q90.webp'),(264,30,'https://imgpro.ziroom.com/e74b8887b8af64d9433ea8711d4725b4_641.jpg_C_800_600_Q90.jpg_C_800_600_Q90.webp'),(265,30,'https://imgpro.ziroom.com/f3c143538c0c4ab5e88efd093b3dda78_343.jpg_C_800_600_Q90.jpg_C_800_600_Q90.webp'),(266,30,'https://imgpro.ziroom.com/c71e2477b789273faa225f0cdfb4ff80_365.jpg_C_800_600_Q90.jpg_C_800_600_Q90.webp'),(267,31,'https://imgpro.ziroom.com/9a62e84f-f908-45ef-8acb-6d37ca35663a_822.jpg_C_380_285_Q80.jpg_C_380_285_Q80.webp'),(268,31,'https://imgpro.ziroom.com/9a62e84f-f908-45ef-8acb-6d37ca35663a_822.jpg_C_800_600_Q90.jpg_C_800_600_Q90.webp'),(269,31,'https://imgpro.ziroom.com/66be6753-23ac-4cf3-9408-5507a57820d3_603.jpg_C_800_600_Q90.jpg_C_800_600_Q90.webp'),(270,31,'https://imgpro.ziroom.com/ecae71b50cbeb344573115f6fbfcceec_276.jpg_C_800_600_Q90.jpg_C_800_600_Q90.webp'),(271,31,'https://imgpro.ziroom.com/086e9992a74bcdc2c1c9bbbf82c45f28_698.jpg_C_800_600_Q90.jpg_C_800_600_Q90.webp'),(272,31,'https://imgpro.ziroom.com/b35f661cd11cc6e69f6fc9013861ea49_018.jpg_C_800_600_Q90.jpg_C_800_600_Q90.webp'),(273,31,'https://imgpro.ziroom.com/87dbf34681eec1d8f60d66d8b57465ac_580.jpg_C_800_600_Q90.jpg_C_800_600_Q90.webp'),(274,32,'https://imgpro.ziroom.com/1bd32b8b-f6a9-44ed-9a45-17d496265c08_996.jpg_C_800_600_Q90.jpg_C_800_600_Q90.webp'),(275,32,'https://imgpro.ziroom.com/e8d47ed2-bb0c-4f3f-a7e2-e0012fc0b494_595.jpg_C_800_600_Q90.jpg_C_800_600_Q90.webp'),(276,32,'https://imgpro.ziroom.com/e872dc3dfbe50cc132859f65420afb24_504.jpg_C_800_600_Q90.jpg_C_800_600_Q90.webp'),(277,32,'https://imgpro.ziroom.com/9ab3d068c49ff8b26b5a9dfe53124a64_627.jpg_C_800_600_Q90.jpg_C_800_600_Q90.webp'),(278,32,'https://imgpro.ziroom.com/d4cdf4496027c932ab47d626bcfd82ab_733.jpg_C_800_600_Q90.jpg_C_800_600_Q90.webp'),(279,32,'https://imgpro.ziroom.com/289bea671d65cc8718af28ca684671f8_731.jpg_C_800_600_Q90.jpg_C_800_600_Q90.webp'),(280,32,'https://imgpro.ziroom.com/5fca9d1e749798b15505ffa6d575d1bd_033.jpg_C_800_600_Q90.jpg_C_800_600_Q90.webp'),(281,33,'https://imgpro.ziroom.com/3418a568-4208-4bbf-8834-c5251ba5b6ba_537.jpg_C_380_285_Q80.jpg_C_380_285_Q80.webp'),(282,33,'https://imgpro.ziroom.com/3418a568-4208-4bbf-8834-c5251ba5b6ba_537.jpg_C_800_600_Q90.jpg_C_800_600_Q90.webp'),(283,33,'https://imgpro.ziroom.com/63ad4db9-23bb-4cdf-bd46-c72bb6341c12_220.jpg_C_800_600_Q90.jpg_C_800_600_Q90.webp'),(284,33,'https://imgpro.ziroom.com/a0d5ab361066cad78040db3c810222c6_878.jpg_C_800_600_Q90.jpg_C_800_600_Q90.webp'),(285,33,'https://imgpro.ziroom.com/6cb3daabe7bbf8d2afce26878b5cdfee_494.jpg_C_800_600_Q90.jpg_C_800_600_Q90.webp'),(286,33,'https://imgpro.ziroom.com/3234638973296291c3d6f3fe898e782e_417.jpg_C_800_600_Q90.jpg_C_800_600_Q90.webp'),(287,33,'https://imgpro.ziroom.com/e4bad9ab736b396099ac4d443390b9c2_192.jpg_C_800_600_Q90.jpg_C_800_600_Q90.webp'),(288,33,'https://imgpro.ziroom.com/a88173f442414ee0a6d60537b0e7f8f2_305.jpg_C_800_600_Q90.jpg_C_800_600_Q90.webp'),(289,34,'https://imgpro.ziroom.com/bc97ba9b-9629-465c-9258-3c656f6e5623_875.jpg_C_380_285_Q80.jpg_C_380_285_Q80.webp'),(290,34,'https://imgpro.ziroom.com/bc97ba9b-9629-465c-9258-3c656f6e5623_875.jpg_C_800_600_Q90.jpg_C_800_600_Q90.webp'),(291,34,'https://imgpro.ziroom.com/ee426066-b86f-42d0-874b-61e7a881d136_633.jpg_C_800_600_Q90.jpg_C_800_600_Q90.webp'),(292,34,'https://imgpro.ziroom.com/09b73d8de8bba0ebe28ef083847a6373_300.jpg_C_800_600_Q90.jpg_C_800_600_Q90.webp'),(293,34,'https://imgpro.ziroom.com/142a37faeea230e03fe0af72231b6845_670.jpg_C_800_600_Q90.jpg_C_800_600_Q90.webp'),(294,34,'https://imgpro.ziroom.com/e74b8887b8af64d9433ea8711d4725b4_641.jpg_C_800_600_Q90.jpg_C_800_600_Q90.webp'),(295,34,'https://imgpro.ziroom.com/09b73d8de8bba0ebe28ef083847a6373_300.jpg_C_800_600_Q90.jpg_C_800_600_Q90.webp'),(296,34,'https://imgpro.ziroom.com/e74b8887b8af64d9433ea8711d4725b4_641.jpg_C_800_600_Q90.jpg_C_800_600_Q90.webp'),(297,34,'https://imgpro.ziroom.com/f3c143538c0c4ab5e88efd093b3dda78_343.jpg_C_800_600_Q90.jpg_C_800_600_Q90.webp'),(298,34,'https://imgpro.ziroom.com/c71e2477b789273faa225f0cdfb4ff80_365.jpg_C_800_600_Q90.jpg_C_800_600_Q90.webp'),(299,35,'https://imgpro.ziroom.com/120cbee9-b5a5-478d-856e-aa0f109300c1_960.jpg_C_380_285_Q80.jpg_C_380_285_Q80.webp'),(300,35,'https://imgpro.ziroom.com/120cbee9-b5a5-478d-856e-aa0f109300c1_960.jpg_C_800_600_Q90.jpg_C_800_600_Q90.webp'),(301,35,'https://imgpro.ziroom.com/6613bbd1-0307-41f9-b110-c545d2c642d4_542.jpg_C_800_600_Q90.jpg_C_800_600_Q90.webp'),(302,35,'https://imgpro.ziroom.com/39c3e81cdef5b945c2f7820bb028dcd4_105.jpg_C_800_600_Q90.jpg_C_800_600_Q90.webp'),(303,35,'https://imgpro.ziroom.com/88ec8dc5aac685b3b52ca415555246b7_652.jpg_C_800_600_Q90.jpg_C_800_600_Q90.webp'),(304,35,'https://imgpro.ziroom.com/2565d5c913f4398c7df0606618997a1a_956.jpg_C_800_600_Q90.jpg_C_800_600_Q90.webp'),(305,35,'https://imgpro.ziroom.com/7d3e2b1d688edfd2ff0d48e32920f8a0_524.jpg_C_800_600_Q90.jpg_C_800_600_Q90.webp'),(306,35,'https://imgpro.ziroom.com/a0fb6353d5945eefa64166fadd42c8fa_560.jpg_C_800_600_Q90.jpg_C_800_600_Q90.webp'),(307,35,'https://imgpro.ziroom.com/95e6d03cc92b46ae2f1764f0faa43bb4_918.jpg_C_800_600_Q90.jpg_C_800_600_Q90.webp'),(308,36,'https://imgpro.ziroom.com/4c62db72-1da1-47f8-8d30-765ee63b884c_129.jpg_C_380_285_Q80.jpg_C_380_285_Q80.webp'),(309,36,'https://imgpro.ziroom.com/4c62db72-1da1-47f8-8d30-765ee63b884c_129.jpg_C_800_600_Q90.jpg_C_800_600_Q90.webp'),(310,36,'https://imgpro.ziroom.com/785d0ca7-50ad-49f1-99b0-5a2e6dade830_133.jpg_C_800_600_Q90.jpg_C_800_600_Q90.webp'),(311,36,'https://imgpro.ziroom.com/370fb36a-d375-4a60-8c6f-441df9aa9447_303.jpg_C_800_600_Q90.jpg_C_800_600_Q90.webp'),(312,36,'https://imgpro.ziroom.com/b3c455ac-9064-474a-b07f-8863da594303_597.jpg_C_800_600_Q90.jpg_C_800_600_Q90.webp'),(313,36,'https://imgpro.ziroom.com/9c27a00a-c5d7-479c-9a25-02726c206f13_396.jpg_C_800_600_Q90.jpg_C_800_600_Q90.webp'),(314,36,'https://imgpro.ziroom.com/e0ccc576-e08c-4e61-9938-37fc4b93eb4b_970.jpg_C_800_600_Q90.jpg_C_800_600_Q90.webp'),(315,36,'https://imgpro.ziroom.com/57f0b2de-04f0-43b1-bf7b-f0b72fe293df_559.jpg_C_800_600_Q90.jpg_C_800_600_Q90.webp'),(316,36,'https://imgpro.ziroom.com/bdf8a0c6-fcdf-4e5b-bf66-d9ae3baebd49_766.jpg_C_800_600_Q90.jpg_C_800_600_Q90.webp'),(317,37,'https://imgpro.ziroom.com/bc97ba9b-9629-465c-9258-3c656f6e5623_875.jpg_C_380_285_Q80.jpg_C_380_285_Q80.webp'),(318,37,'https://imgpro.ziroom.com/bc97ba9b-9629-465c-9258-3c656f6e5623_875.jpg_C_800_600_Q90.jpg_C_800_600_Q90.webp'),(319,37,'https://imgpro.ziroom.com/ee426066-b86f-42d0-874b-61e7a881d136_633.jpg_C_800_600_Q90.jpg_C_800_600_Q90.webp'),(320,37,'https://imgpro.ziroom.com/142a37faeea230e03fe0af72231b6845_670.jpg_C_800_600_Q90.jpg_C_800_600_Q90.webp'),(321,37,'https://imgpro.ziroom.com/142a37faeea230e03fe0af72231b6845_670.jpg_C_800_600_Q90.jpg_C_800_600_Q90.webp'),(322,37,'https://imgpro.ziroom.com/e74b8887b8af64d9433ea8711d4725b4_641.jpg_C_800_600_Q90.jpg_C_800_600_Q90.webp'),(323,37,'https://imgpro.ziroom.com/09b73d8de8bba0ebe28ef083847a6373_300.jpg_C_800_600_Q90.jpg_C_800_600_Q90.webp'),(324,37,'https://imgpro.ziroom.com/142a37faeea230e03fe0af72231b6845_670.jpg_C_800_600_Q90.jpg_C_800_600_Q90.webp'),(325,37,'https://imgpro.ziroom.com/e74b8887b8af64d9433ea8711d4725b4_641.jpg_C_800_600_Q90.jpg_C_800_600_Q90.webp'),(326,37,'https://imgpro.ziroom.com/f3c143538c0c4ab5e88efd093b3dda78_343.jpg_C_800_600_Q90.jpg_C_800_600_Q90.webp'),(327,37,'https://imgpro.ziroom.com/c71e2477b789273faa225f0cdfb4ff80_365.jpg_C_800_600_Q90.jpg_C_800_600_Q90.webp'),(328,38,'https://imgpro.ziroom.com/9a62e84f-f908-45ef-8acb-6d37ca35663a_822.jpg_C_380_285_Q80.jpg_C_380_285_Q80.webp'),(329,38,'https://imgpro.ziroom.com/9a62e84f-f908-45ef-8acb-6d37ca35663a_822.jpg_C_800_600_Q90.jpg_C_800_600_Q90.webp'),(330,38,'https://imgpro.ziroom.com/66be6753-23ac-4cf3-9408-5507a57820d3_603.jpg_C_800_600_Q90.jpg_C_800_600_Q90.webp'),(331,38,'https://imgpro.ziroom.com/ecae71b50cbeb344573115f6fbfcceec_276.jpg_C_800_600_Q90.jpg_C_800_600_Q90.webp'),(332,38,'https://imgpro.ziroom.com/086e9992a74bcdc2c1c9bbbf82c45f28_698.jpg_C_800_600_Q90.jpg_C_800_600_Q90.webp'),(333,38,'https://imgpro.ziroom.com/b35f661cd11cc6e69f6fc9013861ea49_018.jpg_C_800_600_Q90.jpg_C_800_600_Q90.webp'),(334,38,'https://imgpro.ziroom.com/87dbf34681eec1d8f60d66d8b57465ac_580.jpg_C_800_600_Q90.jpg_C_800_600_Q90.webp'),(335,39,'https://imgpro.ziroom.com/1bd32b8b-f6a9-44ed-9a45-17d496265c08_996.jpg_C_800_600_Q90.jpg_C_800_600_Q90.webp'),(336,39,'https://imgpro.ziroom.com/e8d47ed2-bb0c-4f3f-a7e2-e0012fc0b494_595.jpg_C_800_600_Q90.jpg_C_800_600_Q90.webp'),(337,39,'https://imgpro.ziroom.com/e872dc3dfbe50cc132859f65420afb24_504.jpg_C_800_600_Q90.jpg_C_800_600_Q90.webp'),(338,39,'https://imgpro.ziroom.com/9ab3d068c49ff8b26b5a9dfe53124a64_627.jpg_C_800_600_Q90.jpg_C_800_600_Q90.webp'),(339,39,'https://imgpro.ziroom.com/d4cdf4496027c932ab47d626bcfd82ab_733.jpg_C_800_600_Q90.jpg_C_800_600_Q90.webp'),(340,39,'https://imgpro.ziroom.com/289bea671d65cc8718af28ca684671f8_731.jpg_C_800_600_Q90.jpg_C_800_600_Q90.webp'),(341,39,'https://imgpro.ziroom.com/5fca9d1e749798b15505ffa6d575d1bd_033.jpg_C_800_600_Q90.jpg_C_800_600_Q90.webp'),(342,40,'https://imgpro.ziroom.com/3418a568-4208-4bbf-8834-c5251ba5b6ba_537.jpg_C_380_285_Q80.jpg_C_380_285_Q80.webp'),(343,40,'https://imgpro.ziroom.com/3418a568-4208-4bbf-8834-c5251ba5b6ba_537.jpg_C_800_600_Q90.jpg_C_800_600_Q90.webp'),(344,40,'https://imgpro.ziroom.com/63ad4db9-23bb-4cdf-bd46-c72bb6341c12_220.jpg_C_800_600_Q90.jpg_C_800_600_Q90.webp'),(345,40,'https://imgpro.ziroom.com/a0d5ab361066cad78040db3c810222c6_878.jpg_C_800_600_Q90.jpg_C_800_600_Q90.webp'),(346,40,'https://imgpro.ziroom.com/6cb3daabe7bbf8d2afce26878b5cdfee_494.jpg_C_800_600_Q90.jpg_C_800_600_Q90.webp'),(347,40,'https://imgpro.ziroom.com/3234638973296291c3d6f3fe898e782e_417.jpg_C_800_600_Q90.jpg_C_800_600_Q90.webp'),(348,40,'https://imgpro.ziroom.com/e4bad9ab736b396099ac4d443390b9c2_192.jpg_C_800_600_Q90.jpg_C_800_600_Q90.webp'),(349,40,'https://imgpro.ziroom.com/a88173f442414ee0a6d60537b0e7f8f2_305.jpg_C_800_600_Q90.jpg_C_800_600_Q90.webp'),(350,41,'https://imgpro.ziroom.com/bc97ba9b-9629-465c-9258-3c656f6e5623_875.jpg_C_380_285_Q80.jpg_C_380_285_Q80.webp'),(351,41,'https://imgpro.ziroom.com/bc97ba9b-9629-465c-9258-3c656f6e5623_875.jpg_C_800_600_Q90.jpg_C_800_600_Q90.webp'),(352,41,'https://imgpro.ziroom.com/ee426066-b86f-42d0-874b-61e7a881d136_633.jpg_C_800_600_Q90.jpg_C_800_600_Q90.webp'),(353,41,'https://imgpro.ziroom.com/09b73d8de8bba0ebe28ef083847a6373_300.jpg_C_800_600_Q90.jpg_C_800_600_Q90.webp'),(354,41,'https://imgpro.ziroom.com/142a37faeea230e03fe0af72231b6845_670.jpg_C_800_600_Q90.jpg_C_800_600_Q90.webp'),(355,41,'https://imgpro.ziroom.com/e74b8887b8af64d9433ea8711d4725b4_641.jpg_C_800_600_Q90.jpg_C_800_600_Q90.webp'),(356,41,'https://imgpro.ziroom.com/09b73d8de8bba0ebe28ef083847a6373_300.jpg_C_800_600_Q90.jpg_C_800_600_Q90.webp'),(357,41,'https://imgpro.ziroom.com/e74b8887b8af64d9433ea8711d4725b4_641.jpg_C_800_600_Q90.jpg_C_800_600_Q90.webp'),(358,41,'https://imgpro.ziroom.com/f3c143538c0c4ab5e88efd093b3dda78_343.jpg_C_800_600_Q90.jpg_C_800_600_Q90.webp'),(359,41,'https://imgpro.ziroom.com/c71e2477b789273faa225f0cdfb4ff80_365.jpg_C_800_600_Q90.jpg_C_800_600_Q90.webp');

/*Table structure for table `roomprice` */

DROP TABLE IF EXISTS `roomprice`;

CREATE TABLE `roomprice` (
  `id` int(11) NOT NULL AUTO_INCREMENT,
  `priceMargin` varchar(32) DEFAULT NULL,
  PRIMARY KEY (`id`)
) ENGINE=InnoDB AUTO_INCREMENT=7 DEFAULT CHARSET=utf8;

/*Data for the table `roomprice` */

insert  into `roomprice`(`id`,`priceMargin`) values (1,'1500以下'),(2,'1500--2500元'),(3,'2500--3500元'),(4,'3500--4500元'),(5,'4500--6000元'),(6,'6000元以上');

/*Table structure for table `rooms` */

DROP TABLE IF EXISTS `rooms`;

CREATE TABLE `rooms` (
  `roomId` int(11) NOT NULL AUTO_INCREMENT COMMENT '房屋ID',
  `roomName` varchar(32) NOT NULL COMMENT '房屋名称',
  `roomArea` varchar(32) NOT NULL COMMENT '房屋面积',
  `roomNumber` varchar(32) DEFAULT NULL COMMENT '房间编号，合租存在',
  `roomNumbers` varchar(32) DEFAULT NULL COMMENT '房间数量，合租存在',
  `houseType` varchar(32) DEFAULT NULL COMMENT '户型名称',
  `floor` varchar(32) DEFAULT NULL COMMENT '楼层',
  `roomLocation` varchar(255) DEFAULT NULL COMMENT '位置',
  `elevator` varchar(32) DEFAULT NULL COMMENT '电梯有无',
  `completion` varchar(32) DEFAULT NULL COMMENT '建成日期',
  `heatingType` varchar(32) DEFAULT NULL COMMENT '供暖方式',
  `afforest` varchar(32) DEFAULT NULL COMMENT '绿化面积',
  `areaLocation` varchar(32) DEFAULT NULL COMMENT '所在区域',
  `subway` varchar(32) DEFAULT NULL COMMENT '地铁线',
  `tenementName` varchar(32) DEFAULT NULL COMMENT '租房类型名称',
  `roomPrice` int(11) DEFAULT NULL COMMENT '房间价格',
  `characterName` varchar(32) DEFAULT NULL COMMENT '特色户型名称',
  `orientationName` varchar(32) DEFAULT NULL COMMENT '房间朝向',
  `statusName` varchar(32) DEFAULT NULL COMMENT '房源状态名称',
  `specialOffer` varchar(32) DEFAULT NULL COMMENT '优惠活动',
  `roomTime` int(11) DEFAULT NULL COMMENT '房间租赁时长',
  `videoURL` varchar(255) DEFAULT NULL COMMENT '房间视频地址',
  `roomPic` varchar(255) DEFAULT NULL COMMENT '展示图片',
  `uid` int(11) DEFAULT NULL COMMENT '中介id',
  PRIMARY KEY (`roomId`)
) ENGINE=InnoDB AUTO_INCREMENT=42 DEFAULT CHARSET=utf8;

/*Data for the table `rooms` */

insert  into `rooms`(`roomId`,`roomName`,`roomArea`,`roomNumber`,`roomNumbers`,`houseType`,`floor`,`roomLocation`,`elevator`,`completion`,`heatingType`,`afforest`,`areaLocation`,`subway`,`tenementName`,`roomPrice`,`characterName`,`orientationName`,`statusName`,`specialOffer`,`roomTime`,`videoURL`,`roomPic`,`uid`) values (1,'华诚花园','85.2',NULL,'2居室','两室一厅','5/6','小区距6号线物资学院路站步行约300米','无','1997年建成','集体供暖','35%','东城','一号线','自如寓',5530,'近地铁','朝南','可立即入住','必看好房',30,'https://imgpro.ziroom.com/15a19993-e465-4d96-bf96-051450f1c091_784.jpg_C_800_600_Q90.jpg_C_800_600_Q90.webp','https://imgpro.ziroom.com/15a19993-e465-4d96-bf96-051450f1c091_784.jpg_C_800_600_Q90.jpg_C_800_600_Q90.webp',1),(2,'华诚花园','85.2',NULL,'2居室','两室一厅','5/6','小区距6号线物资学院路站步行约300米','无','1997年建成','集体供暖','35%','东城','一号线','整租',5530,'近地铁','朝南','可立即入住','必看好房',24,'https://imgpro.ziroom.com/15a19993-e465-4d96-bf96-051450f1c091_784.jpg_C_800_600_Q90.jpg_C_800_600_Q90.webp','https://imgpro.ziroom.com/15a19993-e465-4d96-bf96-051450f1c091_784.jpg_C_800_600_Q90.jpg_C_800_600_Q90.webp',1),(3,'阳光','78',NULL,'2居室','两室一厅','5/10','小区距6号线物资学院路站步行约300米','无','1997年建成','集体供暖','35%','东城','一号线','整租',5530,'主卧独卫','朝南','可预签','必看好房',6,'https://imgpro.ziroom.com/15a19993-e465-4d96-bf96-051450f1c091_784.jpg_C_800_600_Q90.jpg_C_800_600_Q90.webp','https://imgpro.ziroom.com/15a19993-e465-4d96-bf96-051450f1c091_784.jpg_C_800_600_Q90.jpg_C_800_600_Q90.webp',1),(4,'前进花园石门苑','19.1','03室','3居室','3室1厅','4/6','小区距15号线石门站步行约116米','无','2008年建成','集体供暖','10%','西城','15号线','合租',1890,'主卧独卫','朝南','可立即入住','特惠秒杀',12,NULL,'https://imgpro.ziroom.com/a8ac0592-9e06-4b1d-af7b-0d4d45ccf9bb_925.jpg_C_640_480_Q100.jpg',2),(5,'华诚花园','85.2',NULL,'2居室','两室一厅','5/6','小区距6号线物资学院路站步行约300米','无','1997年建成','集体供暖','35%','东城','一号线','整租',5530,'主卧独卫','朝南','可预签','必看好房',14,'https://imgpro.ziroom.com/15a19993-e465-4d96-bf96-051450f1c091_784.jpg_C_800_600_Q90.jpg_C_800_600_Q90.webp','https://imgpro.ziroom.com/15a19993-e465-4d96-bf96-051450f1c091_784.jpg_C_800_600_Q90.jpg_C_800_600_Q90.webp',1),(6,'前进花园石门苑','19.1','03室','3居室','3室1厅','4/6','小区距15号线石门站步行约116米','无','2008年建成','集体供暖','10%','西城','15号线','合租',1429,'近地铁','朝南','可立即入住','特惠秒杀',35,NULL,'https://imgpro.ziroom.com/a8ac0592-9e06-4b1d-af7b-0d4d45ccf9bb_925.jpg_C_640_480_Q100.jpg',2),(7,'五和万科长阳天地9号院','18','02室','4居室','4室1厅','2/10','小区距房山线篱笆房站步行约112米','有','2017年建成','集体供暖','30%','南城','房山线','自如寓',1860,'有电梯','朝南','可预签','特惠秒杀',8,NULL,'https://imgpro.ziroom.com/4c62db72-1da1-47f8-8d30-765ee63b884c_129.jpg_C_640_480_Q100.jpg',3),(8,'双兴南区','18','03卧','3居室','3室1厅','5/6','小区距15号线顺义站步行约1348米','无','2016年建成','集体供暖','30%','北城','15号线','合租',1300,'近地铁','朝南','可立即入住','特惠秒杀',24,NULL,'https://imgpro.ziroom.com/9f0d1b2f-2119-44f0-8c41-07112456958d_345.jpg_C_640_480_Q100.jpg',4),(9,'碧波园','25','04卧','4居室','4室1厅','5/6','小区距房山线广阳城站步行约358米','无','2007年建成','自采暖','35%','南城','房山线','曼舍',2060,'近地铁','朝南','可立即入住','特惠秒杀',12,NULL,'https://imgpro.ziroom.com/efbc737a-c809-4274-bd28-9dcdc320bca0_363.jpg_C_640_480_Q100.jpg',5),(10,'金铸阳光苑','75',NULL,'2居室','2室1厅','25/28','小区距6号线金安桥站步行约685米','无','2018年建成','集体供暖','30%','北城','6号线','整租',6946,'次卧DIY','朝东','可预签','特惠秒杀',19,NULL,'https://imgpro.ziroom.com/0a61cec2-7332-425c-b396-6639fa1e97ba_621.jpg_C_640_480_Q100.jpg',6),(11,'阳光','78',NULL,'2居室','两室一厅','5/10','小区距6号线物资学院路站步行约300米','无','1997年建成','集体供暖','35%','东城','一号线','曼舍',5530,'次卧DIY','朝西','可立即入住','必看好房',21,'https://imgpro.ziroom.com/15a19993-e465-4d96-bf96-051450f1c091_784.jpg_C_800_600_Q90.jpg_C_800_600_Q90.webp','https://imgpro.ziroom.com/15a19993-e465-4d96-bf96-051450f1c091_784.jpg_C_800_600_Q90.jpg_C_800_600_Q90.webp',1),(12,'金隅康惠园1号院','19.1','01室','3居室','3室1厅','4/6','小区距15号线石门站步行约116米','无','2008年建成','集体供暖','10%','西城','15号线','合租',1890,'次卧DIY','朝北','可闪定','特惠秒杀',24,NULL,'https://imgpro.ziroom.com/a8ac0592-9e06-4b1d-af7b-0d4d45ccf9bb_925.jpg_C_640_480_Q100.jpg',2),(13,'新华联家园南区','18','02室','4居室','4室1厅','2/10','小区距房山线篱笆房站步行约112米','有','2017年建成','集体供暖','30%','南城','房山线','自如寓',1860,'有电梯','朝南','可预签','特惠秒杀',27,NULL,'https://imgpro.ziroom.com/4c62db72-1da1-47f8-8d30-765ee63b884c_129.jpg_C_640_480_Q100.jpg',3),(14,'天通西苑三区','18','03卧','4居室','4室1厅','5/6','小区距15号线顺义站步行约1348米','无','2016年建成','集体供暖','30%','北城','15号线','合租',1749,'近地铁','朝南','可立即入住','特惠秒杀',32,NULL,'https://imgpro.ziroom.com/9f0d1b2f-2119-44f0-8c41-07112456958d_345.jpg_C_640_480_Q100.jpg',4),(15,'双惠小区','25','03卧','4居室','4室1厅','5/6','小区距房山线广阳城站步行约358米','无','2007年建成','自采暖','35%','南城','房山线','合租',2060,'近地铁','朝北','可预签','特惠秒杀',42,NULL,'https://imgpro.ziroom.com/efbc737a-c809-4274-bd28-9dcdc320bca0_363.jpg_C_640_480_Q100.jpg',5),(16,'金铸阳光苑','75',NULL,'2居室','2室1厅','25/28','小区距6号线金安桥站步行约685米','无','2018年建成','中央供暖','30%','北城','6号线','自如寓',6946,'独立阳台','朝南','可闪定','特惠秒杀',26,NULL,'https://imgpro.ziroom.com/0a61cec2-7332-425c-b396-6639fa1e97ba_621.jpg_C_640_480_Q100.jpg',6),(17,'金铸阳光苑','75',NULL,'2居室','2室1厅','25/28','小区距6号线金安桥站步行约685米','无','2018年建成','中央供暖','30%','北城','6号线','整租',6946,'独立阳台','朝北','可立即入住','特惠秒杀',13,NULL,'https://imgpro.ziroom.com/0a61cec2-7332-425c-b396-6639fa1e97ba_621.jpg_C_640_480_Q100.jpg',6),(18,'华诚花园','85.2',NULL,'2居室','两室一厅','5/6','小区距6号线物资学院路站步行约300米','无','1997年建成','中央供暖','35%','东城','一号线','整租',5530,'独立阳台','朝南','自如客转租','必看好房',2,'https://imgpro.ziroom.com/15a19993-e465-4d96-bf96-051450f1c091_784.jpg_C_800_600_Q90.jpg_C_800_600_Q90.webp','https://imgpro.ziroom.com/15a19993-e465-4d96-bf96-051450f1c091_784.jpg_C_800_600_Q90.jpg_C_800_600_Q90.webp',1),(19,'前进花园石门苑','19.1','03室','3居室','3室1厅','4/6','小区距15号线石门站步行约116米','无','2008年建成','集体供暖','10%','西城','15号线','合租',1890,'近地铁','朝南','可立即入住','特惠秒杀',1,NULL,'https://imgpro.ziroom.com/a8ac0592-9e06-4b1d-af7b-0d4d45ccf9bb_925.jpg_C_640_480_Q100.jpg',2),(20,'五和万科长阳天地9号院','18','02室','4居室','4室1厅','2/10','小区距房山线篱笆房站步行约112米','有','2017年建成','集体供暖','30%','南城','房山线','自如寓',1860,'有电梯','朝北','可立即入住','特惠秒杀',7,NULL,'https://imgpro.ziroom.com/4c62db72-1da1-47f8-8d30-765ee63b884c_129.jpg_C_640_480_Q100.jpg',3),(21,'双兴南区','18','03卧','3居室','3室1厅','5/6','小区距15号线顺义站步行约1348米','无','2016年建成','集体供暖','30%','北城','15号线','合租',1749,'近地铁','朝南','自如客转租','特惠秒杀',30,NULL,'https://imgpro.ziroom.com/9f0d1b2f-2119-44f0-8c41-07112456958d_345.jpg_C_640_480_Q100.jpg',4),(22,'碧波园','25','04卧','4居室','4室1厅','5/6','小区距房山线广阳城站步行约358米','无','2007年建成','独立供暖','35%','南城','房山线','合租',2060,'可养宠物','朝北','可立即入住','特惠秒杀',23,NULL,'https://imgpro.ziroom.com/efbc737a-c809-4274-bd28-9dcdc320bca0_363.jpg_C_640_480_Q100.jpg',5),(23,'金铸阳光苑','75',NULL,'2居室','2室1厅','25/28','小区距6号线金安桥站步行约685米','无','2018年建成','独立供暖','30%','北城','6号线','整租',6946,'可养宠物','朝南','自如客转租','特惠秒杀',26,NULL,'https://imgpro.ziroom.com/0a61cec2-7332-425c-b396-6639fa1e97ba_621.jpg_C_640_480_Q100.jpg',6),(24,'阳光','78',NULL,'2居室','两室一厅','5/10','小区距6号线物资学院路站步行约300米','无','1997年建成','中央供暖','35%','东城','一号线','曼舍',5530,'可养宠物','朝南','自如客转租','必看好房',56,'https://imgpro.ziroom.com/15a19993-e465-4d96-bf96-051450f1c091_784.jpg_C_800_600_Q90.jpg_C_800_600_Q90.webp','https://imgpro.ziroom.com/15a19993-e465-4d96-bf96-051450f1c091_784.jpg_C_800_600_Q90.jpg_C_800_600_Q90.webp',1),(25,'金隅康惠园1号院','19.1','01室','3居室','3室1厅','4/6','小区距15号线石门站步行约116米','无','2008年建成','中央供暖','10%','西城','15号线','合租',1890,'近地铁','朝东','可立即入住','特惠秒杀',48,NULL,'https://imgpro.ziroom.com/a8ac0592-9e06-4b1d-af7b-0d4d45ccf9bb_925.jpg_C_640_480_Q100.jpg',2),(26,'新华联家园南区','18','02室','4居室','4室1厅','2/10','小区距房山线篱笆房站步行约112米','有','2017年建成','集体供暖','30%','南城','房山线','自如寓',1860,'有电梯','朝南','自如客转租','特惠秒杀',46,NULL,'https://imgpro.ziroom.com/4c62db72-1da1-47f8-8d30-765ee63b884c_129.jpg_C_640_480_Q100.jpg',3),(27,'天通西苑三区','18','03卧','4居室','4室1厅','5/6','小区距15号线顺义站步行约1348米','无','2016年建成','集体供暖','30%','北城','15号线','合租',1749,'近地铁','朝东','可立即入住','特惠秒杀',32,NULL,'https://imgpro.ziroom.com/9f0d1b2f-2119-44f0-8c41-07112456958d_345.jpg_C_640_480_Q100.jpg',4),(28,'双惠小区','25','03卧','4居室','4室1厅','5/6','小区距房山线广阳城站步行约358米','无','2007年建成','集体供暖','35%','南城','房山线','合租',2060,'近地铁','朝南','自如客转租','特惠秒杀',24,NULL,'https://imgpro.ziroom.com/efbc737a-c809-4274-bd28-9dcdc320bca0_363.jpg_C_640_480_Q100.jpg',5),(29,'金铸阳光苑','75',NULL,'2居室','2室1厅','25/28','小区距6号线金安桥站步行约685米','无','2018年建成','独立供暖','30%','北城','6号线','整租',6946,'近地铁','朝东','可闪定','特惠秒杀',15,NULL,'https://imgpro.ziroom.com/0a61cec2-7332-425c-b396-6639fa1e97ba_621.jpg_C_640_480_Q100.jpg',6),(30,'华诚花园','85.2',NULL,'2居室','两室一厅','5/6','小区距6号线物资学院路站步行约300米','无','1997年建成','集体供暖','35%','东城','一号线','曼舍',5530,'loft','朝南','可立即入住','必看好房',17,'https://imgpro.ziroom.com/15a19993-e465-4d96-bf96-051450f1c091_784.jpg_C_800_600_Q90.jpg_C_800_600_Q90.webp','https://imgpro.ziroom.com/15a19993-e465-4d96-bf96-051450f1c091_784.jpg_C_800_600_Q90.jpg_C_800_600_Q90.webp',1),(31,'前进花园石门苑','19.1','03室','3居室','3室1厅','4/6','小区距15号线石门站步行约116米','无','2008年建成','独立供暖','10%','西城','15号线','合租',1890,'loft','朝西','可预订','特惠秒杀',19,NULL,'https://imgpro.ziroom.com/a8ac0592-9e06-4b1d-af7b-0d4d45ccf9bb_925.jpg_C_640_480_Q100.jpg',2),(32,'五和万科长阳天地9号院','18','02室','4居室','4室1厅','2/10','小区距房山线篱笆房站步行约112米','有','2017年建成','集体供暖','30%','南城','房山线','合租',1860,'loft','朝南','可预订','特惠秒杀',22,NULL,'https://imgpro.ziroom.com/4c62db72-1da1-47f8-8d30-765ee63b884c_129.jpg_C_640_480_Q100.jpg',3),(33,'双兴南区','18','03卧','3居室','3室1厅','5/6','小区距15号线顺义站步行约1348米','无','2016年建成','集体供暖','30%','北城','15号线','自如寓',1749,'loft','朝西','可立即入住','特惠秒杀',32,NULL,'https://imgpro.ziroom.com/9f0d1b2f-2119-44f0-8c41-07112456958d_345.jpg_C_640_480_Q100.jpg',4),(34,'碧波园','25','04卧','4居室','4室1厅','5/6','小区距房山线广阳城站步行约358米','无','2007年建成','自采暖','35%','南城','房山线','合租',2060,'loft','朝南','可立即入住','特惠秒杀',32,NULL,'https://imgpro.ziroom.com/efbc737a-c809-4274-bd28-9dcdc320bca0_363.jpg_C_640_480_Q100.jpg',5),(35,'金铸阳光苑','75',NULL,'2居室','2室1厅','25/28','小区距6号线金安桥站步行约685米','无','2018年建成','独立供暖','30%','北城','6号线','整租',6946,'灵之智能','朝西','可预订','特惠秒杀',45,NULL,'https://imgpro.ziroom.com/0a61cec2-7332-425c-b396-6639fa1e97ba_621.jpg_C_640_480_Q100.jpg',6),(36,'阳光','78',NULL,'2居室','两室一厅','5/10','小区距6号线物资学院路站步行约300米','无','1997年建成','独立供暖','35%','东城','一号线','曼舍',5530,'灵之智能','朝南','可预订','必看好房',25,'https://imgpro.ziroom.com/15a19993-e465-4d96-bf96-051450f1c091_784.jpg_C_800_600_Q90.jpg_C_800_600_Q90.webp','https://imgpro.ziroom.com/15a19993-e465-4d96-bf96-051450f1c091_784.jpg_C_800_600_Q90.jpg_C_800_600_Q90.webp',1),(37,'金隅康惠园1号院','19.1','01室','3居室','3室1厅','4/6','小区距15号线石门站步行约116米','无','2008年建成','集体供暖','10%','西城','15号线','合租',1890,'灵之智能','朝南','可立即入住','特惠秒杀',16,NULL,'https://imgpro.ziroom.com/a8ac0592-9e06-4b1d-af7b-0d4d45ccf9bb_925.jpg_C_640_480_Q100.jpg',2),(38,'新华联家园南区','18','02室','4居室','4室1厅','2/10','小区距房山线篱笆房站步行约112米','有','2017年建成','集体供暖','30%','南城','房山线','自如寓',1860,'灵之智能','朝西','可预订','特惠秒杀',18,NULL,'https://imgpro.ziroom.com/4c62db72-1da1-47f8-8d30-765ee63b884c_129.jpg_C_640_480_Q100.jpg',3),(39,'天通西苑三区','18','03卧','4居室','4室1厅','5/6','小区距15号线顺义站步行约1348米','无','2016年建成','集体供暖','30%','北城','15号线','合租',1749,'公共盥洗室','朝南','可立即入住','特惠秒杀',20,NULL,'https://imgpro.ziroom.com/9f0d1b2f-2119-44f0-8c41-07112456958d_345.jpg_C_640_480_Q100.jpg',4),(40,'双惠小区','25','03卧','4居室','4室1厅','5/6','小区距房山线广阳城站步行约358米','无','2007年建成','中央供暖','35%','南城','房山线','曼舍',2060,'公共盥洗室','朝北','可闪定','特惠秒杀',24,NULL,'https://imgpro.ziroom.com/efbc737a-c809-4274-bd28-9dcdc320bca0_363.jpg_C_640_480_Q100.jpg',5),(41,'金铸阳光苑','75',NULL,'2居室','2室1厅','25/28','小区距6号线金安桥站步行约685米','无','2018年建成','集体供暖','30%','北城','6号线','整租',6946,'公共盥洗室','朝南','可立即入住','特惠秒杀',24,NULL,'https://imgpro.ziroom.com/0a61cec2-7332-425c-b396-6639fa1e97ba_621.jpg_C_640_480_Q100.jpg',6);

/*Table structure for table `roomtitle` */

DROP TABLE IF EXISTS `roomtitle`;

CREATE TABLE `roomtitle` (
  `id` int(11) NOT NULL AUTO_INCREMENT COMMENT '主键ID',
  `roomId` int(11) NOT NULL COMMENT '房间ID',
  `titleName` varchar(32) DEFAULT NULL COMMENT '房间|房屋标签名称',
  PRIMARY KEY (`id`)
) ENGINE=InnoDB AUTO_INCREMENT=127 DEFAULT CHARSET=utf8;

/*Data for the table `roomtitle` */

insert  into `roomtitle`(`id`,`roomId`,`titleName`) values (1,1,'灵活短签'),(2,1,'原味'),(3,1,'住宅用途'),(4,17,'灵活短签'),(5,17,'原味'),(6,17,'住宅用途'),(7,2,'灵活短签'),(8,2,'原味'),(9,2,'住宅用途'),(10,3,'灵活短签'),(11,3,'原味'),(12,3,'住宅用途'),(13,4,'灵活短签'),(14,4,'原味'),(15,4,'住宅用途'),(16,5,'灵活短签'),(17,5,'原味'),(18,5,'住宅用途'),(19,6,'灵活短签'),(20,6,'原味'),(21,6,'住宅用途'),(22,7,'灵活短签'),(23,7,'原味'),(24,7,'住宅用途'),(25,8,'灵活短签'),(26,8,'原味'),(27,8,'住宅用途'),(28,9,'灵活短签'),(29,9,'原味'),(30,9,'住宅用途'),(31,10,'灵活短签'),(32,10,'原味'),(33,10,'住宅用途'),(34,11,'灵活短签'),(35,11,'原味'),(36,11,'住宅用途'),(37,12,'灵活短签'),(38,12,'原味'),(39,12,'住宅用途'),(40,13,'灵活短签'),(41,13,'原味'),(42,13,'住宅用途'),(43,14,'灵活短签'),(44,14,'原味'),(45,14,'住宅用途'),(46,15,'灵活短签'),(47,15,'原味'),(48,15,'住宅用途'),(49,16,'灵活短签'),(50,16,'原味'),(51,16,'住宅用途'),(52,17,'灵活短签'),(53,17,'原味'),(54,17,'住宅用途'),(55,18,'灵活短签'),(56,18,'原味'),(57,18,'住宅用途'),(58,19,'灵活短签'),(59,19,'原味'),(60,19,'住宅用途'),(61,20,'灵活短签'),(62,20,'原味'),(63,20,'住宅用途'),(64,21,'灵活短签'),(65,21,'原味'),(66,21,'住宅用途'),(67,22,'灵活短签'),(68,22,'原味'),(69,22,'住宅用途'),(70,23,'灵活短签'),(71,23,'原味'),(72,23,'住宅用途'),(73,24,'灵活短签'),(74,24,'原味'),(75,24,'住宅用途'),(76,25,'灵活短签'),(77,25,'原味'),(78,25,'住宅用途'),(79,26,'灵活短签'),(80,26,'原味'),(81,26,'住宅用途'),(82,27,'灵活短签'),(83,27,'原味'),(84,27,'住宅用途'),(85,28,'灵活短签'),(86,28,'原味'),(87,28,'住宅用途'),(88,29,'灵活短签'),(89,29,'原味'),(90,29,'住宅用途'),(91,30,'灵活短签'),(92,30,'原味'),(93,30,'住宅用途'),(94,31,'灵活短签'),(95,31,'原味'),(96,31,'住宅用途'),(97,32,'灵活短签'),(98,32,'原味'),(99,32,'住宅用途'),(100,33,'灵活短签'),(101,33,'原味'),(102,33,'住宅用途'),(103,34,'灵活短签'),(104,34,'原味'),(105,34,'住宅用途'),(106,35,'灵活短签'),(107,35,'原味'),(108,35,'住宅用途'),(109,36,'灵活短签'),(110,36,'原味'),(111,36,'住宅用途'),(112,37,'灵活短签'),(113,37,'原味'),(114,37,'住宅用途'),(115,38,'灵活短签'),(116,38,'原味'),(117,38,'住宅用途'),(118,39,'灵活短签'),(119,39,'原味'),(120,39,'住宅用途'),(121,40,'灵活短签'),(122,40,'原味'),(123,40,'住宅用途'),(124,41,'灵活短签'),(125,41,'原味'),(126,41,'住宅用途');

/*Table structure for table `tenant` */

DROP TABLE IF EXISTS `tenant`;

CREATE TABLE `tenant` (
  `tId` int(11) NOT NULL AUTO_INCREMENT COMMENT '主键ID',
  `tNickname` varchar(32) DEFAULT NULL COMMENT '昵称',
  `tPhone` varchar(32) DEFAULT NULL COMMENT '手机号',
  `tEmail` varchar(32) DEFAULT NULL COMMENT '邮箱',
  `tPassword` varchar(32) DEFAULT '123456' COMMENT '密码',
  PRIMARY KEY (`tId`),
  UNIQUE KEY `tPhone` (`tPhone`)
) ENGINE=InnoDB AUTO_INCREMENT=11 DEFAULT CHARSET=utf8;

/*Data for the table `tenant` */

insert  into `tenant`(`tId`,`tNickname`,`tPhone`,`tEmail`,`tPassword`) values (1,'12312','15436726754',NULL,'123456'),(2,'自如客JcB5D','231213213',NULL,'123123'),(3,'自如客REFlf','19090',NULL,'123123'),(4,'自如客4ouTB','123123',NULL,'123123'),(5,'自如客6hwLk','1234567890123',NULL,'123456'),(6,'自如客D2Dst','123456',NULL,'23456'),(7,'自如客o9ttG','1232323232',NULL,NULL),(8,'自如客UfAQb','123123123',NULL,''),(9,'自如客IbRQY','kk123456',NULL,'123456'),(10,'自如客ZGxlY','13237234697',NULL,'123456');

/*Table structure for table `users` */

DROP TABLE IF EXISTS `users`;

CREATE TABLE `users` (
  `uid` int(11) NOT NULL AUTO_INCREMENT COMMENT '主键ID',
  `uname` varchar(32) DEFAULT NULL COMMENT '名称',
  `upicture` varchar(500) DEFAULT NULL COMMENT '头像地址',
  PRIMARY KEY (`uid`)
) ENGINE=InnoDB AUTO_INCREMENT=8 DEFAULT CHARSET=utf8;

/*Data for the table `users` */

insert  into `users`(`uid`,`uname`,`upicture`) values (1,'李松华 ','https://image.ziroom.com/g2m4/M00/EF/5C/ChAZ2GL004WAODXdAADbSLLx558267.jpg'),(2,'王延康','https://img.zcool.cn/community/0198405eeebe6ba801215aa00d9907.jpg@1280w_1l_2o_100sh.jpg'),(3,'巴金秋','https://p5.itc.cn/q_70/images01/20210429/2ebd14d2554449b1921e5fd35379c1e4.png'),(4,'王俊义','https://gimg2.baidu.com/image_search/src=http%3A%2F%2Fci.xiaohongshu.com%2Fd93ce4e3-f568-bdf0-5ff6-1138be24bda9%3FimageView2%2F2%2Fw%2F1080%2Fformat%2Fjpg&refer=http%3A%2F%2Fci.xiaohongshu.com&app=2002&size=f9999,10000&q=a80&n=0&g=0n&fmt=auto?sec=1682751529&t=799d2df26850ded0896c6379c85d6671'),(5,'王燕','https://img.zcool.cn/community/0172f75d0d89a7a801213ec2874848.jpg@1280w_1l_2o_100sh.jpg'),(6,'张平','https://img.zcool.cn/community/01a2835f0812c6a801206621de50d0.jpg?x-oss-process=image/auto-orient,1/resize,m_lfit,w_1280,limit_1/sharpen,100'),(7,'李沃华','https://img.zcool.cn/community/017bbf5d5665e0a80120695c36984c.jpg?x-oss-process=image/auto-orient,1/resize,m_lfit,w_1280,limit_1/sharpen,100');

/*!40101 SET SQL_MODE=@OLD_SQL_MODE */;
/*!40014 SET FOREIGN_KEY_CHECKS=@OLD_FOREIGN_KEY_CHECKS */;
/*!40014 SET UNIQUE_CHECKS=@OLD_UNIQUE_CHECKS */;
/*!40111 SET SQL_NOTES=@OLD_SQL_NOTES */;
